
INSERT INTO INSIGHT_USER_CONFIG (USERNAME, USER_DEFAULT_VIEW, SUBJECT_ID) VALUES ('admin', '{"cards":[{"id":"f63e5b0ef6a7425faa8bf0014e18f3cb"},{"id":"cb70368ee6c646288bc368c0db2e9646"},{"id":"87deeace4d2646a980bc86be3fcbddfb"},{"id":"fcd12345f7294afd89e2327f9442f04d"}],"tabs":[[{"id":"32d43fb7ff6e4c8b96800536fdd99022","name":"网点解现回钞趋势"},{"id":"f63e5b0ef6a7425faa8bf0014e18f3cb","name":"2019第三季度存取款走势图"}],[{"id":"fa8ee1572e2b4bdfac300a602cdca301","name":"设备类型分布占比"}]]}', 0);
INSERT INTO INSIGHT_USER_CONFIG (USERNAME, USER_DEFAULT_VIEW, SUBJECT_ID) VALUES ('binyu', '{"cards":[{"id":"002"},{"id":"cb70368ee6c646288bc368c0db2e9646"},{"id":"8f855db00719452e871ab82be8e308da"},{"id":"87deeace4d2646a980bc86be3fcbddfb"}],"tabs":[[{"id":"3bd558b49ba549c5b23b12535ba95e7e","name":"2019存取款交易额走势"}],[{"id":"dafec70cbc384ce7ae289c3efc41c7d0","name":"存取款交易折线图"}]]}', 0);
INSERT INTO INSIGHT_USER_CONFIG (USERNAME, USER_DEFAULT_VIEW, SUBJECT_ID) VALUES ('changjian', '{"cards":[{},{},{},{}],"tabs":[[],[]]}', 0);
INSERT INTO INSIGHT_USER_CONFIG (USERNAME, USER_DEFAULT_VIEW, SUBJECT_ID) VALUES ('dinghuishu', '{"cards":[{"id":"004"},{"id":"8f855db00719452e871ab82be8e308da"},{"id":"32d43fb7ff6e4c8b96800536fdd99022"},{"id":"cb70368ee6c646288bc368c0db2e9646"}],"tabs":[[{"id":"c3c04ed540a74f19a9b30f507bc4b794","name":"2019上半年存取款交易额走势图"}],[{"id":"fcd12345f7294afd89e2327f9442f04d","name":"当月任务单分类占比图"}]]}', 0);
INSERT INTO INSIGHT_USER_CONFIG (USERNAME, USER_DEFAULT_VIEW, SUBJECT_ID) VALUES ('dinghuishu', '{"cards":[{"id":"005"},{"id":"004"},{"id":"002"},{"id":"003"}],"tabs":[[{"id":"87deeace4d2646a980bc86be3fcbddfb","name":"当月有效任务单完成率"}],[{"id":"cb70368ee6c646288bc368c0db2e9646","name":"2019年9月任务单完成详情"}]]}', 1);
INSERT INTO INSIGHT_USER_CONFIG (USERNAME, USER_DEFAULT_VIEW, SUBJECT_ID) VALUES ('liangzy', '', 2);
INSERT INTO INSIGHT_USER_CONFIG (USERNAME, USER_DEFAULT_VIEW, SUBJECT_ID) VALUES ('liangzy', '{"cards":[{"id":"f63e5b0ef6a7425faa8bf0014e18f3cb"},{"id":"cb70368ee6c646288bc368c0db2e9646"},{"id":"3bd558b49ba549c5b23b12535ba95e7e"},{"id":"c3c04ed540a74f19a9b30f507bc4b794"}],"tabs":[[{"id":"fa8ee1572e2b4bdfac300a602cdca301","name":"设备类型分布占比"}],[{"id":"32d43fb7ff6e4c8b96800536fdd99022","name":"网点解现回钞趋势"}]]}', 0);
INSERT INTO INSIGHT_USER_CONFIG (USERNAME, USER_DEFAULT_VIEW, SUBJECT_ID) VALUES ('liangzy', '', 1);
INSERT INTO INSIGHT_USER_CONFIG (USERNAME, USER_DEFAULT_VIEW, SUBJECT_ID) VALUES ('liuyuan', '', 0);
INSERT INTO INSIGHT_USER_CONFIG (USERNAME, USER_DEFAULT_VIEW, SUBJECT_ID) VALUES ('muyi', '{"cards":[{},{"id":"fcd12345f7294afd89e2327f9442f04d"},{},{}],"tabs":[[],[]]}', 1);
INSERT INTO INSIGHT_USER_CONFIG (USERNAME, USER_DEFAULT_VIEW, SUBJECT_ID) VALUES ('muyi', '{"cards":[{"id":"002"},{"id":"005"},{"id":"004"},{"id":"003"}],"tabs":[[{"id":"cb70368ee6c646288bc368c0db2e9646","name":"2019年9月任务单完成详情"},{"id":"dafec70cbc384ce7ae289c3efc41c7d0","name":"存取款交易折线图"}],[{"id":"3bd558b49ba549c5b23b12535ba95e7e","name":"2019存取款交易额走势"}]]}', 0);
INSERT INTO INSIGHT_USER_CONFIG (USERNAME, USER_DEFAULT_VIEW, SUBJECT_ID) VALUES ('muyi', '{"cards":[{},{},{},{"id":"8f855db00719452e871ab82be8e308da"}],"tabs":[[],[]]}', 2);
INSERT INTO INSIGHT_USER_CONFIG (USERNAME, USER_DEFAULT_VIEW, SUBJECT_ID) VALUES ('pengwu', '', 1);
INSERT INTO INSIGHT_USER_CONFIG (USERNAME, USER_DEFAULT_VIEW, SUBJECT_ID) VALUES ('pengwu', '', 0);
INSERT INTO INSIGHT_USER_CONFIG (USERNAME, USER_DEFAULT_VIEW, SUBJECT_ID) VALUES ('pengwu', '', 2);
INSERT INTO INSIGHT_USER_CONFIG (USERNAME, USER_DEFAULT_VIEW, SUBJECT_ID) VALUES ('rlge', '', 0);
INSERT INTO INSIGHT_USER_CONFIG (USERNAME, USER_DEFAULT_VIEW, SUBJECT_ID) VALUES ('rlge', '', 1);
INSERT INTO INSIGHT_USER_CONFIG (USERNAME, USER_DEFAULT_VIEW, SUBJECT_ID) VALUES ('siyuzhang', '', 0);
INSERT INTO INSIGHT_USER_CONFIG (USERNAME, USER_DEFAULT_VIEW, SUBJECT_ID) VALUES ('wgjiang', '{"cards":[{"id":"005"},{"id":"002"},{"id":"003"},{"id":"004"}],"tabs":[[{"id":"8f855db00719452e871ab82be8e308da","name":"任务单类别占比"},{"id":"cb70368ee6c646288bc368c0db2e9646","name":"2019年9月任务单完成详情"}],[{"id":"dafec70cbc384ce7ae289c3efc41c7d0","name":"存取款交易折线图"}]]}', 0);
INSERT INTO INSIGHT_USER_CONFIG (USERNAME, USER_DEFAULT_VIEW, SUBJECT_ID) VALUES ('wgjiang', '{"cards":[{"id":"87deeace4d2646a980bc86be3fcbddfb"},{},{},{}],"tabs":[[{"id":"f63e5b0ef6a7425faa8bf0014e18f3cb","name":"2019第三季度存取款走势图"}],[]]}', 1);
INSERT INTO INSIGHT_USER_CONFIG (USERNAME, USER_DEFAULT_VIEW, SUBJECT_ID) VALUES ('zhangfeng', '{"cards":[{"id":"f63e5b0ef6a7425faa8bf0014e18f3cb"},{"id":"cb70368ee6c646288bc368c0db2e9646"},{"id":"8f855db00719452e871ab82be8e308da"},{"id":"002"}],"tabs":[[{"id":"fa8ee1572e2b4bdfac300a602cdca301","name":"设备类型分布占比"}],[{"id":"c3c04ed540a74f19a9b30f507bc4b794","name":"2019上半年存取款交易额走势图"}]]}', 0);
INSERT INTO INSIGHT_USER_CONFIG (USERNAME, USER_DEFAULT_VIEW, SUBJECT_ID) VALUES ('zhangfeng', '{"cards":[{"id":"87deeace4d2646a980bc86be3fcbddfb"},{"id":"c3c04ed540a74f19a9b30f507bc4b794"},{"id":"8f855db00719452e871ab82be8e308da"},{"id":"6a2e886c251349b58c586cc6c7b85b1b"}],"tabs":[[{"id":"f63e5b0ef6a7425faa8bf0014e18f3cb","name":"2019第三季度存取款走势图"}],[{"id":"cb70368ee6c646288bc368c0db2e9646","name":"2019年9月任务单完成详情"}]]}', 2);
INSERT INTO INSIGHT_USER_CONFIG (USERNAME, USER_DEFAULT_VIEW, SUBJECT_ID) VALUES ('zhangfeng', '{"cards":[{"id":"8f855db00719452e871ab82be8e308da"},{},{"id":"dafec70cbc384ce7ae289c3efc41c7d0"},{}],"tabs":[[],[]]}', 1);
INSERT INTO INSIGHT_USER_CONFIG (USERNAME, USER_DEFAULT_VIEW, SUBJECT_ID) VALUES ('zhangjs', '', 0);
INSERT INTO INSIGHT_USER_CONFIG (USERNAME, USER_DEFAULT_VIEW, SUBJECT_ID) VALUES ('zhangsan', '', 213);
INSERT INTO INSIGHT_USER_CONFIG (USERNAME, USER_DEFAULT_VIEW, SUBJECT_ID) VALUES ('zhangsan', '{"cards":[{"id":"fcd12345f7294afd89e2327f9442f04d"},{"id":"6a2e886c251349b58c586cc6c7b85b1b"},{"id":"87deeace4d2646a980bc86be3fcbddfb"},{"id":"dafec70cbc384ce7ae289c3efc41c7d0"}],"tabs":[[{"id":"8f855db00719452e871ab82be8e308da","name":"任务单类别占比"}],[{"id":"fa8ee1572e2b4bdfac300a602cdca301","name":"设备类型分布占比"}]]}', 0);
INSERT INTO INSIGHT_USER_CONFIG (USERNAME, USER_DEFAULT_VIEW, SUBJECT_ID) VALUES ('zhangsan', '', 1);
INSERT INTO INSIGHT_USER_CONFIG (USERNAME, USER_DEFAULT_VIEW, SUBJECT_ID) VALUES ('zhouhao', '', 0);
INSERT INTO INSIGHT_USER_CONFIG (USERNAME, USER_DEFAULT_VIEW, SUBJECT_ID) VALUES ('zhoutao', '', 0);
INSERT INTO INSIGHT_USER_CONFIG (USERNAME, USER_DEFAULT_VIEW, SUBJECT_ID) VALUES ('zhoutao', '', 1);
INSERT INTO INSIGHT_USER_CONFIG (USERNAME, USER_DEFAULT_VIEW, SUBJECT_ID) VALUES ('zhoutao', '', 2);

INSERT INTO SAIKU_USER_GROUP (GROUP_ID, GROUP_NAME, DESP, TOKEN) VALUES ('admin', 'SAIKU管理员', 'all privileges of SAIKU', 'admin');
INSERT INTO SAIKU_USER_GROUP (GROUP_ID, GROUP_NAME, DESP, TOKEN) VALUES ('nozj', '一般用户', '一般用户', 'nozj');

INSERT INTO GIS_POINT_INFO (POINT_ID, POINT_CREATOR, POINT_ORGNO, CREATE_DATE, STATUS, POINT_HTML, POINT_JS, LASTEST_MOD_OP, LASTEST_MOD_TIME) VALUES ('fe1e074e11f24e9cb33b2110a32f0495', 'admin', '1001', '2016-11-07 16:05:10', 1, 'ICAgIDxkaXYgc3R5bGU9ImhlaWdodDo0MDBweDt3aWR0aDo2MzBweDtvdmVyZmxvdzogYXV0byIgY2xhc3M9InBlcmZlY3RTY3JvbGxiYXIiPg0KICAgICAgICAgIDxkaXYgc3R5bGU9ImZsb2F0OmxlZnQ7ZGlzcGxheTppbmxpbmUtYmxvY2s7d2lkdGg6MzAwcHg7Ij4NCiAgICAgICAgICAgICAgPGE+572R54K55ZCN56ewOnt7aW5mbz8ubmFtZX19PC9hPjxiciAvPg0KICAgICAgICAgICAgICA8IS0tPGE+572R54K55Zyw5Z2AOnt7aW5mbz8uYWRkcmVzc319PC9hPjxiciAvPi0tPg0KICAgICAgICAgICAgICA8ZGl2PjwvZGl2Pg0KICAgICAgICAgIDwvZGl2PiANCiAgICAgICAgIDxkaXYgc3R5bGU9ImNsZWFyOmxlZnQ7Ij4gDQogICAgICAgICAgICAgIDxhPue9keeCuUNBU0XnsbvlnovliIbmnpDlm74yMjLvvJo8L2E+DQogICAgICAgICAgPC9kaXY+IA0KICAgICAgICAgIDxkaXYgc3R5bGU9ImhlaWdodDoyMDBweDt3aWR0aDozMDBweDttYXJnaW46MCBhdXRvO3BhZGRpbmctbGVmdDoxMHB4OyI+DQogICAgICAgICAgICA8ZWNoYXJ0cy1ndWFnZSBbY29tcG91bmRPcHRpb25dPSJhY2VKU1ZhbHVlIiBbb3B0aW9uXT0iJ29wdGlvbjEnIiBbaW5mb109ImluZm8iIFtxcnlVcmxdPSInL3FyeUNhc2VUeXBlc0J5QXRtJyI+PC9lY2hhcnRzLWd1YWdlPg0KICAgICAgICAgIDwvZGl2Pg0KDQogICAgICAgICAgPGRpdiBzdHlsZT0iY2xlYXI6bGVmdDsiPiAgDQogICAgICAgICAgICAgIDxhPue9keeCueS6pOaYk+i1sOWKv+Wbvu+8mjwvYT4gDQogICAgICAgICAgPC9kaXY+DQogICAgICAgICAgPGRpdiBzdHlsZT0iaGVpZ2h0OjMwMHB4O3dpZHRoOjYwMHB4OyI+DQogICAgICAgICAgICAgPGVjaGFydHMtZ3VhZ2UgW2NvbXBvdW5kT3B0aW9uXT0iYWNlSlNWYWx1ZSIgW29wdGlvbl09IidvcHRpb24yJyIgW2luZm9dPSJpbmZvIiBbcXJ5VXJsXT0iJy9xcnlDYXNlTGlzdEJ5QXRtJyI+PC9lY2hhcnRzLWd1YWdlPg0KICAgICAgICAgIDwvZGl2Pg0KICAgICAgICAgIDxici8+DQogICAgICAgICAgIDxhIChjbGljayk9ImdldERldnNJbmZvQnlOZXQoKSI+IA0KICAgICAgICAgICAgICAgPHNwYW4gc3R5bGU9Ig0KICAgICAgICAgICAgICAgd2lkdGg6MTMzcHg7DQogICAgICAgICAgICAgICBkaXNwbGF5OiBpbmxpbmUtYmxvY2s7IA0KICAgICAgICAgICAgICAgaGVpZ2h0OjQwcHg7DQogICAgICAgICAgICAgICBiYWNrZ3JvdW5kLWltYWdlOiB1cmwoYXNzZXRzL2ltYWdlcy9wYWdlcy9naXMvaWNvbl9lbnRlcl9uZXQucG5nKTsNCiAgICAgICAgICAgICAgICI+PC9zcGFuPg0KICAgICAgICAgIDwvYT4NCiAgICAgIDwvZGl2Pg== ', 'ICAgICAgICAgICB0aGF0Lm9wdGlvbjEgPSB7DQogICAgICAgICAgICAgIHRvb2x0aXA6IHsNCiAgICAgICAgICAgICAgICB0cmlnZ2VyOiAnaXRlbScsDQogICAgICAgICAgICAgICAgZm9ybWF0dGVyOiAne2F9IDxici8+e2J9IDoge2N95qyhICh7ZH0lKScNCiAgICAgICAgICAgICAgfSwNCiAgICAgICAgICAgICAgc2VyaWVzOiBbDQogICAgICAgICAgICAgICAgew0KICAgICAgICAgICAgICAgICAgbmFtZTogJ+aVhemanOexu+WeiycsDQoNCiAgICAgICAgICAgICAgICAgIHR5cGU6ICdwaWUnLA0KICAgICAgICAgICAgICAgICAgZGF0YTogZGF0YUxpc3QNCiAgICAgICAgICAgICAgICB9DQogICAgICAgICAgICAgIF0NCiAgICAgICAgICAgIH07DQoNCiAgICAgICAgICAgIHZhciBkYXRlTGlzdCA9W107DQogICAgICAgICAgICB2YXIgdHJhbnNDb3VudExpc3QgPVtdOw0KICAgICAgICAgICAgaWYoZGF0YUxpc3QhPT1udWxsICYmIGRhdGFMaXN0Lmxlbmd0aD4wKXsNCiAgICAgICAgICAgICAgZm9yKHZhciBpPTEgO2k8ZGF0YUxpc3QubGVuZ3RoO2krKyApew0KICAgICAgICAgICAgICAgIGRhdGVMaXN0LnB1c2goZGF0YUxpc3RbaV0udHJhbnNEYXRlKTsNCiAgICAgICAgICAgICAgICB0cmFuc0NvdW50TGlzdC5wdXNoKGRhdGFMaXN0W2ldLnRyYW5zVG90YWwpOw0KICAgICAgICAgICAgICB9DQogICAgICAgICAgICB9DQoNCiAgICAgICAgICAgIC8v5riy5p+T5rC05Y2w6IOM5pmvDQogICAgICAgICAgICB2YXIgd2F0ZXJNYXJrVGV4dCA9ICfmna3lt57pk7booYwnOw0KDQogICAgICAgICAgICB2YXIgY2FudmFzID0gZG9jdW1lbnQuY3JlYXRlRWxlbWVudCgnY2FudmFzJyk7DQogICAgICAgICAgICB2YXIgY3R4ID0gY2FudmFzLmdldENvbnRleHQoJzJkJyk7DQogICAgICAgICAgICBjYW52YXMud2lkdGggPSBjYW52YXMuaGVpZ2h0ID0gMTAwOw0KICAgICAgICAgICAgY3R4LnRleHRBbGlnbiA9ICdjZW50ZXInOw0KICAgICAgICAgICAgY3R4LnRleHRCYXNlbGluZSA9ICdtaWRkbGUnOw0KICAgICAgICAgICAgY3R4Lmdsb2JhbEFscGhhID0gMC4wODsNCiAgICAgICAgICAgIGN0eC5mb250ID0gJzIwcHggTWljcm9zb2Z0IFlhaGVpJzsNCiAgICAgICAgICAgIGN0eC50cmFuc2xhdGUoNTAsIDUwKTsNCiAgICAgICAgICAgIGN0eC5yb3RhdGUoLU1hdGguUEkgLyA0KTsNCiAgICAgICAgICAgIGN0eC5maWxsVGV4dCh3YXRlck1hcmtUZXh0LCAwLCAwKTsNCg0KICAgICAgICAgICAgdGhhdC5vcHRpb24yID0gew0KICAgICAgICAgICAgICB0b29sdGlwOnt9LA0KICAgICAgICAgICAgICBiYWNrZ3JvdW5kQ29sb3I6IHsNCiAgICAgICAgICAgICAgICB0eXBlOiAncGF0dGVybicsDQogICAgICAgICAgICAgICAgaW1hZ2U6IGNhbnZhcywNCiAgICAgICAgICAgICAgICByZXBlYXQ6ICdyZXBlYXQnDQogICAgICAgICAgICAgIH0sDQogICAgICAgICAgICAgIGdyaWQ6IHsNCiAgICAgICAgICAgICAgICBsZWZ0OiAnOSUnLA0KICAgICAgICAgICAgICAgIHJpZ2h0OiAnOSUnLA0KICAgICAgICAgICAgICAgIHRvcDo1LA0KICAgICAgICAgICAgICAgIGJvdHRvbToyMA0KICAgICAgICAgICAgICB9LA0KICAgICAgICAgICAgICB4QXhpczogew0KICAgICAgICAgICAgICAgIHR5cGUgOiAnY2F0ZWdvcnknLA0KICAgICAgICAgICAgICAgIHNwbGl0TGluZToge3Nob3c6ZmFsc2V9LA0KICAgICAgICAgICAgICAgIGRhdGE6ZGF0ZUxpc3QNCiAgICAgICAgICAgICAgfSwNCiAgICAgICAgICAgICAgeUF4aXM6IHsNCiAgICAgICAgICAgICAgICB0eXBlIDogJ3ZhbHVlJw0KICAgICAgICAgICAgICB9LA0KICAgICAgICAgICAgICBzZXJpZXM6IFsNCiAgICAgICAgICAgICAgICB7DQogICAgICAgICAgICAgICAgICBuYW1lOiAn5Lqk5piT5qyh5pWwJywNCiAgICAgICAgICAgICAgICAgIHR5cGU6ICdsaW5lJywNCiAgICAgICAgICAgICAgICAgIHN0YWNrOiAn5oC76YePJywNCiAgICAgICAgICAgICAgICAgIGRhdGE6IHRyYW5zQ291bnRMaXN0DQogICAgICAgICAgICAgICAgfQ0KICAgICAgICAgICAgICBdDQogICAgICAgICAgICB9Ow== ', 'zhangfeng', '2018-05-15 15:12:30');

INSERT INTO SELFDEF_GROUP (GROUPID, GROUPNAME) VALUES (16, '智能配送');
INSERT INTO SELFDEF_GROUP (GROUPID, GROUPNAME) VALUES (10, '交易统计');
INSERT INTO SELFDEF_GROUP (GROUPID, GROUPNAME) VALUES (11, '清机加钞');
INSERT INTO SELFDEF_GROUP (GROUPID, GROUPNAME) VALUES (15, '维护统计');


INSERT INTO SELFDEF_DETAILQUERY (ID, NAME, DEF, STATUS, GROUPID, CREATOR, CREATOR_ORGNO, CREATE_TIME, LASTEST_MOD_OP, LASTEST_MOD_TIME) VALUES ('9a808537-e034-409a-9617-167a7758b532', '存取款交易额按月查询', '{"returnParam":[{"name":"日期","type":"String"},{"name":"存款交易总额","type":"String"},{"name":"取款交易总额","type":"String"}],"serviceURL":"/bi/v1/bds/0004","serviceName":"存取款交易","requestParam":"","serviceMethod":"GET"}', 1, 10, 'muyi', '1001', '2019-09-11 17:26:29', 'muyi', '2019-09-11 17:26:29');
INSERT INTO SELFDEF_DETAILQUERY (ID, NAME, DEF, STATUS, GROUPID, CREATOR, CREATOR_ORGNO, CREATE_TIME, LASTEST_MOD_OP, LASTEST_MOD_TIME) VALUES ('36e262a4-f14d-47f7-801d-bff261e91644', '设备类型汇总信息', '{"returnParam":[{"name":"设备类型","type":"String"},{"name":"设备量","type":"String"}],"serviceURL":"/bi/v1/bds/0001","serviceName":"测试接口","requestParam":"","serviceMethod":"GET"}', 1, 10, 'muyi', '1001', '2019-09-06 11:21:10', 'muyi', '2019-09-06 11:21:10');

INSERT INTO SELFDEF_REPORTS (ID, NAME, FILENAME, PARAMETERS, GROUPID, STATUS, CREATOR, CREATOR_ORGNO, CREATE_TIME, LASTEST_MOD_OP, LASTEST_MOD_TIME) VALUES ('97d91dc6-4c51-4b08-a71f-25e065fd9307', '押运车出库信息统计表', 'rpt_car_out.prpt', null, 16, 1, 'muyi', '1001', '2019-09-26 17:15:50', 'muyi', '2019-09-26 17:15:50');
INSERT INTO SELFDEF_REPORTS (ID, NAME, FILENAME, PARAMETERS, GROUPID, STATUS, CREATOR, CREATOR_ORGNO, CREATE_TIME, LASTEST_MOD_OP, LASTEST_MOD_TIME) VALUES ('c0ecce18-7421-4796-be01-227d15810d4c', '加钞清分中心', 'rpt_addcash_clear_date.prpt', null, 11, 1, 'admin', '1001', '2019-03-27 12:04:31', 'admin', '2019-03-27 12:04:31');
INSERT INTO SELFDEF_REPORTS (ID, NAME, FILENAME, PARAMETERS, GROUPID, STATUS, CREATOR, CREATOR_ORGNO, CREATE_TIME, LASTEST_MOD_OP, LASTEST_MOD_TIME) VALUES ('9893fbf7-7b74-4b9b-837a-14703906690c', '设备维护报表', 'rpt_dev_case_date.prpt', null, 15, 1, 'admin', '1001', '2017-07-26 16:15:44', 'admin', '2017-07-26 16:15:44');
INSERT INTO SELFDEF_REPORTS (ID, NAME, FILENAME, PARAMETERS, GROUPID, STATUS, CREATOR, CREATOR_ORGNO, CREATE_TIME, LASTEST_MOD_OP, LASTEST_MOD_TIME) VALUES ('b4369e95-edbd-4ffb-95a7-fc70bd239592', '2017年度设备交易量统计报表', 'rpt_dev_trans.prpt', '[{"name":"startDate","value":"2017-01-01"},{"name":"endDate","value":"2018-01-01"}]', 11, 1, 'admin', '1001', '2019-04-10 15:20:49', 'admin', '2019-04-10 15:20:49');
INSERT INTO SELFDEF_REPORTS (ID, NAME, FILENAME, PARAMETERS, GROUPID, STATUS, CREATOR, CREATOR_ORGNO, CREATE_TIME, LASTEST_MOD_OP, LASTEST_MOD_TIME) VALUES ('d258216d-ea55-4449-8b3f-6aef4a9584bc', '回钞率和现金使用、预测报表', 'rpt_cash_date.prpt', null, 11, 1, 'admin', '1001', '2017-07-21 14:55:32', 'admin', '2017-07-26 16:07:45');
INSERT INTO SELFDEF_REPORTS (ID, NAME, FILENAME, PARAMETERS, GROUPID, STATUS, CREATOR, CREATOR_ORGNO, CREATE_TIME, LASTEST_MOD_OP, LASTEST_MOD_TIME) VALUES ('f9073b5e-590f-4128-8ba9-b1eeadcaf21b', '网点交易量统计报表', 'rpt_org_trans.prpt', null, 10, 1, 'admin', '1001', '2018-07-31 11:05:52', 'admin', '2017-07-21 14:39:46');

INSERT INTO CHART_TYPE (TYPE_ID, TYPE_NAME, TYPE_DESC) VALUES ('echarts-bar-complexstack', '堆积式簇状柱状图', null);
INSERT INTO CHART_TYPE (TYPE_ID, TYPE_NAME, TYPE_DESC) VALUES ('echarts-bar-maxminavg', '波动型簇状柱状图', null);
INSERT INTO CHART_TYPE (TYPE_ID, TYPE_NAME, TYPE_DESC) VALUES ('echarts-bar-mixline', '折柱混搭图', null);
INSERT INTO CHART_TYPE (TYPE_ID, TYPE_NAME, TYPE_DESC) VALUES ('echarts-bar-simple', '标准柱状图', null);
INSERT INTO CHART_TYPE (TYPE_ID, TYPE_NAME, TYPE_DESC) VALUES ('echarts-bar-stack', '堆积柱状图', null);
INSERT INTO CHART_TYPE (TYPE_ID, TYPE_NAME, TYPE_DESC) VALUES ('echarts-bar-timeline', '柱饼混搭图', null);
INSERT INTO CHART_TYPE (TYPE_ID, TYPE_NAME, TYPE_DESC) VALUES ('echarts-bar-zoom', '趋势型簇状柱状图', null);
INSERT INTO CHART_TYPE (TYPE_ID, TYPE_NAME, TYPE_DESC) VALUES ('echarts-funnel-comp', '多漏斗图', null);
INSERT INTO CHART_TYPE (TYPE_ID, TYPE_NAME, TYPE_DESC) VALUES ('echarts-funnel-simple', '标准漏斗图', null);
INSERT INTO CHART_TYPE (TYPE_ID, TYPE_NAME, TYPE_DESC) VALUES ('echarts-gauge-car', '多仪表盘', null);
INSERT INTO CHART_TYPE (TYPE_ID, TYPE_NAME, TYPE_DESC) VALUES ('echarts-gauge-simple', '标准仪表盘', null);
INSERT INTO CHART_TYPE (TYPE_ID, TYPE_NAME, TYPE_DESC) VALUES ('echarts-line-areaSimple', '标准面积图', null);
INSERT INTO CHART_TYPE (TYPE_ID, TYPE_NAME, TYPE_DESC) VALUES ('echarts-line-areaStack', '堆积面积图', '任意系列多维度堆积');
INSERT INTO CHART_TYPE (TYPE_ID, TYPE_NAME, TYPE_DESC) VALUES ('echarts-line-confidenceBand', '置信区间图', null);
INSERT INTO CHART_TYPE (TYPE_ID, TYPE_NAME, TYPE_DESC) VALUES ('echarts-line-dynamicData', '序列图', '纵轴随横轴的变动');
INSERT INTO CHART_TYPE (TYPE_ID, TYPE_NAME, TYPE_DESC) VALUES ('echarts-line-lineMarker', '带数据标记的折线图', null);
INSERT INTO CHART_TYPE (TYPE_ID, TYPE_NAME, TYPE_DESC) VALUES ('echarts-pie-custom', '南丁格尔图', null);
INSERT INTO CHART_TYPE (TYPE_ID, TYPE_NAME, TYPE_DESC) VALUES ('echarts-pie-doughtnut', '标准环形图', null);
INSERT INTO CHART_TYPE (TYPE_ID, TYPE_NAME, TYPE_DESC) VALUES ('echarts-pie-nest', '嵌套式饼图', null);
INSERT INTO CHART_TYPE (TYPE_ID, TYPE_NAME, TYPE_DESC) VALUES ('echarts-pie-rose', '玫瑰图', null);
INSERT INTO CHART_TYPE (TYPE_ID, TYPE_NAME, TYPE_DESC) VALUES ('echarts-pie-simple', '标准饼图', null);
INSERT INTO CHART_TYPE (TYPE_ID, TYPE_NAME, TYPE_DESC) VALUES ('echarts-radar-simple', '雷达图', null);
INSERT INTO CHART_TYPE (TYPE_ID, TYPE_NAME, TYPE_DESC) VALUES ('echarts-scatter-simple', '标准散点图', null);


INSERT INTO CHART_SUBJECT (SUBJECT_ID, SUBJECT_NAME, SUBJECT_DESC) VALUES (0, '综合分析', '智能配送系统综合分析');
INSERT INTO CHART_SUBJECT (SUBJECT_ID, SUBJECT_NAME, SUBJECT_DESC) VALUES (1, '交易分析', '现金自助渠道交易数据分析');
INSERT INTO CHART_SUBJECT (SUBJECT_ID, SUBJECT_NAME, SUBJECT_DESC) VALUES (2, '故障分析', '现金自助渠道故障维护数据分析');




INSERT INTO SELFDEF_CHARTS (CHART_ID, CHART_NAME, CHART_SUBJECT, CHART_TYPE, CHART_ICON, CHART_DEF, CHART_DESC, CHART_OPTION, CHART_STATUS, CREATOR, CREATE_TIME, LASTEST_MOD_OP, LASTEST_MOD_TIME, CREATOR_ORGNO) VALUES ('fa8ee1572e2b4bdfac300a602cdca301', '设备类型分布占比', 0, '0', 'pie', '{"service":{"serviceURL":"/bi/v1/bds/0001","serviceName":"测试接口","sid":"96736ccfe4e24a2d8fd4888130049b4a","serviceMethod":"GET"},"dimensionRows":["设备类型"],"measureRows":["设备量"],"serviceURL":"/bi/v1/bds/0001","serviceName":"测试接口","sid":"96736ccfe4e24a2d8fd4888130049b4a","serviceMethod":"GET"}', null, '
  let dataList = [];
    that.payload.dimensionList[0].data.forEach(val=>{
      dataList.push({name:val});
    });
    that.payload.measureList[0].data.forEach((val,i)=>{
      dataList[i].value = val;
    });
that.option = {
      title: {
        text:"设备类型分布占比" ,
        x: "center"
      },
      tooltip: {
        trigger: "item"
      },
      legend: {
        orient: "vertical",
        left: "left",
        data: that.payload.legend || []
      },
      series: [
        {
          name: "设备类型",
          type: "pie",
          radius: "55%",
          center: ["50%", "40%"],
          data: dataList,
          itemStyle: {
            emphasis: {
              shadowBlur: 10,
              shadowOffsetX: 0,
              shadowColor: "rgba(0, 0, 0, 0.5)"
            }
          }
        }
      ]
    };            ', 0, 'muyi', '2019-09-04 17:23:07', 'muyi', '2019-09-04 17:23:07', '1001');
INSERT INTO SELFDEF_CHARTS (CHART_ID, CHART_NAME, CHART_SUBJECT, CHART_TYPE, CHART_ICON, CHART_DEF, CHART_DESC, CHART_OPTION, CHART_STATUS, CREATOR, CREATE_TIME, LASTEST_MOD_OP, LASTEST_MOD_TIME, CREATOR_ORGNO) VALUES ('6a2e886c251349b58c586cc6c7b85b1b', '设备总加钞金额趋势图', 0, '0', 'line', '{"service":{"returnParam":[{"means":"日期","name":"日期","require":1,"type":"String"},{"means":"加钞总金额","name":"加钞总金额","require":1,"type":"String"}],"serviceRspExp":"[]","serviceURL":"/bi/v1/bds/0007","serviceName":"设备总加钞金额趋势","requestParam":[],"sid":"8512b01ff54640648b46240f483e5493","serviceMethod":"GET"},"dimensionRows":["日期"],"measureRows":["加钞总金额"],"returnParam":[{"means":"日期","name":"日期","require":1,"type":"String"},{"means":"加钞总金额","name":"加钞总金额","require":1,"type":"String"}],"serviceRspExp":"[]","serviceURL":"/bi/v1/bds/0007","serviceName":"设备总加钞金额趋势","requestParam":[],"sid":"8512b01ff54640648b46240f483e5493","serviceMethod":"GET"}', 'c', '
 that.option = {
    color: [''#3398DB''],
    tooltip : {
        trigger: ''axis'',
        axisPointer : {            // 坐标轴指示器，坐标轴触发有效
            type : ''shadow''        // 默认为直线，可选为：''line'' | ''shadow''
        }
    },
     title: {
        left: ''left'',
        text: ''设备总加钞金额趋势图''
    },
    legend:{
      left:''right'',
      data: that.payload.legend
    },
    grid: {
        left: ''3%'',
        right: ''4%'',
        bottom: ''3%'',
        containLabel: true
    },
    xAxis : [
        {
            type : ''category'',
            data : that.payload.dimensionList[0].data,
            axisTick: {
                alignWithLabel: true
            }
        }
    ],
    yAxis : [
        {
            type : ''value''
        }
    ],
    series : [
    {
      name: that.payload.measureList[0].name,
      type: ''bar'',
      barWidth: ''60%'',
      data: that.payload.measureList[0].data
    }
    ]
};
', 0, 'changjian', '2019-09-10 17:20:26', 'dinghuishu', '2019-09-16 16:07:00', '1001');
INSERT INTO SELFDEF_CHARTS (CHART_ID, CHART_NAME, CHART_SUBJECT, CHART_TYPE, CHART_ICON, CHART_DEF, CHART_DESC, CHART_OPTION, CHART_STATUS, CREATOR, CREATE_TIME, LASTEST_MOD_OP, LASTEST_MOD_TIME, CREATOR_ORGNO) VALUES ('001', '服务质量指标图', 0, '0', 'dashboard', '{"service":{"serviceURL":"/bi/v1/bds/0001","serviceName":"测试接口","sid":"96736ccfe4e24a2d8fd4888130049b4a","serviceMethod":"GET"},"dimensionRows":["设备类型"],"measureRows":["设备量"],"serviceURL":"/bi/v1/bds/0001","serviceName":"测试接口","sid":"96736ccfe4e24a2d8fd4888130049b4a","serviceMethod":"GET"}               ', null, 'var gauge_value=88;
var myRate1 = 98;
that.option = {
   title: {
			x: "center",
			bottom: ''10%'',
			text: ''服务质量'',
			textStyle: {
				fontWeight: ''normal'',
		//		fontSize: 55,
				color: "#323232"
			},
		},
		tooltip: {
      show: true,
    },
    series: [{
            type: ''gauge'',
             center: [''50%'', ''70%''], // 默认全局居中
             radius: 90,
            splitNumber: 8, //刻度数量
            min: 0,
            max:80,
            startAngle: 200,
      endAngle: -20,

            axisLine: {
                show: true,
                lineStyle: {
                    width: 2,
                    shadowBlur: 0,
                    color: [
                        [1, ''#8f8f8f'']
                    ]
                }
            },
            axisTick: {
                show: true,
                lineStyle: {
                    color: ''#8f8f8f'',
                    width: 1
                },
                length: 8,
                splitNumber: 8
            },
            splitLine: {
                show: true,
                length: 12,
                lineStyle: {
                    color: ''#8f8f8f'',
                }
            },
            axisLabel: {
                distance: 8,
                textStyle: {
                    color: "#8f8f8f",
                    fontSize: "14",
                    fontWeight:"bold"
                },
                  formatter: function(e) {
          switch(e + "") {
            case "10":
              return "D";

            case "20":
              return "C";

            case "30":
              return "B";

            case "40":
              return "BB";

            case "50":
              return "BBB";

            case "60":
              return "A";

            case "70":
              return "AA";

              case "80":
              return "AAA";
            default:
              return e;
          }
        },
        textStyle: {
          fontSize: 12,
          fontWeight: ""
        }

            },
            pointer: { //仪表盘指针
                show: 0
            },
            detail: {
                show: false
            },
            data: [{
                name: "",
                value: myRate1
            }]
        } ,{
      startAngle: 200,
      endAngle: -20,
      name: ''实际完成'',
      type: ''gauge'',
    center: [''50%'', ''70%''], // 默认全局居中
      radius: 40,
      min: 0,
      max: 100,
      splitNumber: 0,
      axisLine: { // 坐标轴线
        lineStyle: {
          color: [
            [0.66, ''#dddddd''],
            [1, ''#dddddd'']
          ], // 属性lineStyle控制线条样式
          width: 4
        }
      },

      axisLabel: { // 坐标轴小标记
        textStyle: { // 属性lineStyle控制线条样式
          fontWeight: ''bolder'',
          color: ''rgba(30,144,255,0)'',
        }
      },
      splitLine: { // 分隔线
        length: 10, // 属性length控制线长
        lineStyle: { // 属性lineStyle（详见lineStyle）控制线条样式
          width: 0,
          color: ''#444''
        }
      },
      pointer: { // 分隔线 指针
        color: ''#666666'',
        width: 0,
        length: 230
      },
      detail: {
        show: false
      },

    }, {
      name: ''服务分'',
      type: ''gauge'',
      startAngle: 200,
      endAngle: -20,
      radius: 120,
    center: [''50%'', ''70%''], // 默认全局居中

      min: 0,
      max: 100,

      axisLine: {
        show: false,
        lineStyle: {
          width:25,
          shadowBlur: 0,
          color: [
            [0.2, ''#E43F3D''],
            [0.4, ''#E98E2C''],
            [0.6, ''#DDBD4D''],
            [0.8, ''#7CBB55''],
            [1, ''#9CD6CE'']
          ]
        }
      },
      axisTick: {
                show: false,

            },
      splitLine: {
        show: false,
        length: 20,

      },

      axisLabel: {
          show:false
      },
      pointer: {
        show: true,
      },
      detail: {
                show:false,
        offsetCenter: [0, 0]
      },
      itemStyle: {
            normal: {
                color: "#323232",

            }
        },
      data: [{
        name: "",
        value: Math.floor(gauge_value)
      }]
    }]
};                                                                                                                                                                                     ', 0, 'muyi', '2019-09-04 17:23:07', 'muyi', '2019-09-04 17:23:07', '1001');
INSERT INTO SELFDEF_CHARTS (CHART_ID, CHART_NAME, CHART_SUBJECT, CHART_TYPE, CHART_ICON, CHART_DEF, CHART_DESC, CHART_OPTION, CHART_STATUS, CREATOR, CREATE_TIME, LASTEST_MOD_OP, LASTEST_MOD_TIME, CREATOR_ORGNO) VALUES ('002', '现金库存指标图', 0, '0', 'dashboard', '{"service":{"serviceURL":"/bi/v1/bds/0001","serviceName":"测试接口","sid":"96736ccfe4e24a2d8fd4888130049b4a","serviceMethod":"GET"},"dimensionRows":["设备类型"],"measureRows":["设备量"],"serviceURL":"/bi/v1/bds/0001","serviceName":"测试接口","sid":"96736ccfe4e24a2d8fd4888130049b4a","serviceMethod":"GET"}                              ', null, 'var value = 0.32;
var data = [value, value, value, value, value ];
that.option = {
    series: [{
        type: ''liquidFill'',
        radius: ''80%'',
        center: [''50%'', ''50%''],
        shape: "path://M122.882,128.003 L5.118,128.003 C2.290,128.003 -0.003,125.710 -0.003,122.882 L-0.003,51.199 L64.000,-0.003 L96.593,26.072 L96.593,9.384 C96.593,8.442 97.357,7.678 98.300,7.678 L115.890,7.678 C116.833,7.678 117.597,8.442 117.597,9.384 L117.597,42.875 L128.003,51.199 L128.003,122.882 C128.003,125.710 125.710,128.003 122.882,128.003 ZM77.764,103.593 C77.764,98.070 73.287,93.593 67.764,93.593 L60.236,93.593 C54.713,93.593 50.236,98.070 50.236,103.593 L50.236,128.003 L77.764,128.003 L77.764,103.593 Z",
        color:[''#00CCFF'',''#00CCCC''],
        data:data,
        itemStyle: {
            normal: {
                shadowBlur: 0
            }
        },
       /* outline: {
            borderDistance: 0,
            itemStyle: {
                borderWidth: 5,
                borderColor: ''#156ACF'',
                shadowBlur: 20,
                shadowColor: ''rgba(255, 0, 0, 1)''
            }
        },*/
         outline: {
                itemStyle: {
                    borderColor: ''red'',
                    borderWidth: 1
                },
                borderDistance: 0
        },
        backgroundStyle: {
            borderWidth: 5,
            borderColor: ''#00CCCC'',
            color: ''rgba(0,0,0,0)''
        },
        label: {
            normal: {
                formatter: "现金库存量\n"+(value * 100).toFixed(2) + ''%'',
                textStyle: {
                    fontSize: 20
                }
            }
        }
    }]
};     ', 0, 'muyi', '2019-09-04 17:23:07', 'muyi', '2019-09-04 17:23:07', '1001');
INSERT INTO SELFDEF_CHARTS (CHART_ID, CHART_NAME, CHART_SUBJECT, CHART_TYPE, CHART_ICON, CHART_DEF, CHART_DESC, CHART_OPTION, CHART_STATUS, CREATOR, CREATE_TIME, LASTEST_MOD_OP, LASTEST_MOD_TIME, CREATOR_ORGNO) VALUES ('003', '订单类型数目情况', 0, '0', 'radar', '{"service":{"serviceURL":"/bi/v1/bds/0001","serviceName":"测试接口","sid":"96736ccfe4e24a2d8fd4888130049b4a","serviceMethod":"GET"},"dimensionRows":["设备类型"],"measureRows":["设备量"],"serviceURL":"/bi/v1/bds/0001","serviceName":"测试接口","sid":"96736ccfe4e24a2d8fd4888130049b4a","serviceMethod":"GET"}                              ', null, 'var data =  [{
            name:"网点",
            value: 100
            },{
            name:"设备",
            value: 90
            },{
            name:"上门",
            value: 80
            },{
            name:"同业",
            value: 66
            },{
             name:"其他",
            value: 90
            }];
var objData = array2obj(data, "name");

function array2obj(array,key) {
  var resObj = {};
  for(var i=0;i<array.length;i++){
    resObj[array[i][key]] = array[i];
  }
  return resObj;
}

that.option = {
    tooltip: {
        trigger: ''axis'',
        show: true
    },
      legend: {
        show: true,
        icon:"circle",
        left: ''50%'',
        top: ''15%'',
        bottom:''50%'',
        data: data,
        width:100,
        padding: [0, 5],
        itemGap: 25,
        formatter: function(name) {
            return "{title|" + name + "订单数} {value|" + (objData[name].value) +"}  {title|个}"
        },

        textStyle: {
            rich: {
                title: {
                    fontSize: 18,
                    lineHeight: 15,
                    color: "rgb(0, 178, 246)"
                },
                value: {
                    fontSize: 18,
                    lineHeight: 20,
                    color: "red"
                }
            }
        },
    },
    radar: {
        indicator: [{
                name: ''网点'',
                max: 100
            },
            {
                name: ''设\n备'',
                max: 100
            },
            {
                name: ''上门'',
                max: 100
            },
            {
                name: ''同业'',
                max: 100
            },
            {
                name: ''其\n他'',
                max: 100
            },
        ],
        radius: ''70%'',
        center: ["25%", "50%"],
        shape: ''circle'',
        nameGap:5,
        splitNumber: 4,
        name: {
            textStyle: {
                color: ''blue'',
                fontSize: 12
            }
        },
        splitArea: {
            areaStyle: {
                color: [''rgba(255,255,255,0.1)'',
                    ''rgba(255,255,255,0.03)'', ''rgba(255,255,255,0.1)'',
                    ''rgba(255,255,255,0.03)''
                ]
            }
        },
        splitLine: {
            lineStyle: {
                color: [
                    ''#6b6b6b'', ''#6b6b6b'',
                    ''#6b6b6b'', ''#6b6b6b'',
                    ''#6b6b6b'', ''#6b6b6b''
                ].reverse(),
                width: 3
            }
        },
        axisLine: {
            lineStyle: {
                color: ''rgba(238,238,238, 0.2)''
            }
        }
    },
    series: {

        name: ''订单类型'',
        type: ''radar'',
        tooltip: {
            trigger: ''item''
        },
        data:  [{
            name:"网点",
            value: [100, 90, 80, 66, 90]
            },{
            name:"设备",
            value: [100, 90, 80, 66, 90]
            },{
            name:"上门",
            value: [100, 90, 80, 66, 90]
            },{
            name:"同业",
            value: [100, 90, 80, 66, 90]
            },{
             name:"其他",
            value: [100, 90, 80, 66, 90]
            }],
        symbol: ''circle'',
        symbolSize: 1,
        itemStyle: {
            normal: {
                color: ''rgba(87,201,255,0.8)'',
                borderColor: ''rgba(87,201,255,0.2)'',
                borderWidth: 12,
            }
        },
        areaStyle: {
            normal: {
                color: ''rgba(13, 178, 255, 0.49)'',
            }
        },
        lineStyle: {
            normal: {
                color: ''rgba(13, 178, 255, 1)'',
                width: 5
            }
        },

    }


};                                      ', 0, 'muyi', '2019-09-04 17:23:07', 'muyi', '2019-09-04 17:23:07', '1001');
INSERT INTO SELFDEF_CHARTS (CHART_ID, CHART_NAME, CHART_SUBJECT, CHART_TYPE, CHART_ICON, CHART_DEF, CHART_DESC, CHART_OPTION, CHART_STATUS, CREATOR, CREATE_TIME, LASTEST_MOD_OP, LASTEST_MOD_TIME, CREATOR_ORGNO) VALUES ('005', '订单状态数据情况', 0, '0', 'pie', '{"service":{"serviceURL":"/bi/v1/bds/0001","serviceName":"测试接口","sid":"96736ccfe4e24a2d8fd4888130049b4a","serviceMethod":"GET"},"dimensionRows":["设备类型"],"measureRows":["设备量"],"serviceURL":"/bi/v1/bds/0001","serviceName":"测试接口","sid":"96736ccfe4e24a2d8fd4888130049b4a","serviceMethod":"GET"}                                             ', null, 'var data = [{
       name: "待审核订单数",
        value: 12
    },
    {
        name: "待交接订单数",
        value: 32
    },
    {
        name: "配送中订单数",
        value: 30
    },
    {
        name: "已完成订单数",
        value: 28
    }
];
var arrName = getArrayValue(data, "name");
var arrValue = getArrayValue(data, "value");
var sumValue = eval(arrValue.join(''+''));
var objData = array2obj(data, "name");
var optionData = getData(data);
function getArrayValue(array, key) {
    var key = key || "value";
    var res = [];
    if (array) {
        array.forEach(function(t) {
            res.push(t[key]);
        });
    }
    return res;
}

function array2obj(array,key) {
  var resObj = {};
  for(var i=0;i<array.length;i++){
    resObj[array[i][key]] = array[i];
  }
  return resObj;
}

function getData(data) {
    var res = {
        series: [],
        yAxis: []
    };
    for (let i = 0; i < data.length; i++) {
        // console.log([70 - i * 15 + ''%'', 67 - i * 15 + ''%'']);
        res.series.push({
            name: '''',
            type: ''pie'',
            z:2,
            clockWise: false, //顺时加载
            hoverAnimation: false, //鼠标移入变大
            radius: [73 - i * 15 + ''%'', 68 - i * 15 + ''%''],
            center: ["25%", "50%"],
            label: {
                 normal: {
                    show: false
                }
            },
            itemStyle: {
                label: {
                   normal: {
                     show: false
                   }
                },
                labelLine: {
                   normal: {
                     show: false
                   }
                },
                borderWidth: 5,
            },
            data: [{
                value: data[i].value,
                name: data[i].name
            }, {
                value: sumValue - data[i].value,
                name: '''',
                itemStyle: {
                    normal:{
                      color: "rgba(0,0,0,0)",
                      borderWidth: 0
                    }
                },
                tooltip: {
                    show: false
                },
                hoverAnimation: false
            }]
        });
        console.log(i);
        res.series.push({
            name: '''',
            type: ''pie'',
            silent: true,
            z: 1,
            clockWise: false, //顺时加载
            hoverAnimation: false, //鼠标移入变大
            radius: [73 - i * 15 + ''%'', 68 - i * 15 + ''%''],
            center: ["25%", "50%"],
            label: {
                 normal: {
                    show: false
                 }
            },
            itemStyle: {
                label: {
                   normal: {
                    show: false
                   }
                },
                labelLine: {
                    normal: {
                    show: false
                    }
                },
                borderWidth: 5,
            },
            data: [{
                value: 7.5,
                itemStyle: {
                    normal:{
                      color: "#777777",
                      borderWidth: 0
                    }
                },
                tooltip: {
                    show: false
                },
                hoverAnimation: false
            }, {
                value: 2.5,
                name: '''',
                itemStyle: {
                    normal:{
                      color: "rgba(0,0,0,0)",
                      borderWidth: 0
                    }
                },
                tooltip: {
                    show: false
                },
                hoverAnimation: false
            }]
        });
        console.log(i);
        res.yAxis.push((data[i].value / sumValue * 100).toFixed(2) + "%");
    }
    return res;
}

that.option = {
    //backgroundColor:''#000'',
    legend: {
        show: true,
        icon:"circle",
        left: ''50%'',
        top: ''15%'',
        bottom:''50%'',
        data: arrName,
        width:100,
        padding: [0, 5],
        itemGap: 25,
        formatter: function(name) {
            return "{title|" + name + "} {value|" + (objData[name].value) +"}  {title|个}"
        },

        textStyle: {
            rich: {
                title: {
                    fontSize: 18,
                    lineHeight: 15,
                    color: "rgb(0, 178, 246)"
                },
                value: {
                    fontSize: 18,
                    lineHeight: 20,
                    color: "red"
                }
            }
        },
    },
    tooltip: {
        show: true,
        trigger: "item",
        formatter: "{a}<br>{b}:{c}({d}%)"
    },
    //color: [''rgb(24, 183, 142)'', ''rgb(1, 179, 238)'', ''rgb(22, 75, 205)'', ''rgb(52, 52, 176)''],
    grid: {
        top: ''10%'',
        bottom: ''55%'',
        left: "25%",
        containLabel: false
    },
    yAxis: [{
        type: ''category'',
        inverse: true,
        axisLine: {
            show: false
        },
        axisTick: {
            show: false
        },
        axisLabel: {
            interval: 0,
            inside: true,
            textStyle: {
                color: "blue",
               // fontSize: 16,
            },
            show: true
        },
        data: optionData.yAxis
    }],
    xAxis: [{
        show: false
    }],
    series: optionData.series
};                                                                                                                  ', 0, 'muyi', '2019-09-04 17:23:07', 'muyi', '2019-09-04 17:23:07', '1001');
INSERT INTO SELFDEF_CHARTS (CHART_ID, CHART_NAME, CHART_SUBJECT, CHART_TYPE, CHART_ICON, CHART_DEF, CHART_DESC, CHART_OPTION, CHART_STATUS, CREATOR, CREATE_TIME, LASTEST_MOD_OP, LASTEST_MOD_TIME, CREATOR_ORGNO) VALUES ('8f855db00719452e871ab82be8e308da', '任务单类别占比', 0, '0', 'pie', '{"service":{"returnParam":[{"means":"任务单类别","name":"任务单类别","require":1,"type":"String"},{"means":"数量","name":"数量","require":1,"type":"String"}],"serviceRspExp":"[]","serviceURL":"/bi/v1/bds/0003","serviceName":"任务单类别占比","requestParam":[],"sid":"f03213ed6dda43d9a41cbdbc80821b29","serviceMethod":"GET"},"dimensionRows":["任务单类别"],"measureRows":["数量"],"returnParam":[{"means":"任务单类别","name":"任务单类别","require":1,"type":"String"},{"means":"数量","name":"数量","require":1,"type":"String"}],"serviceRspExp":"[]","serviceURL":"/bi/v1/bds/0003","serviceName":"任务单类别占比","requestParam":[],"sid":"f03213ed6dda43d9a41cbdbc80821b29","serviceMethod":"GET"}', null, '
  let dataList = [];
    that.payload.dimensionList[0].data.forEach(val=>{
      dataList.push({name:val});
    });
    that.payload.measureList[0].data.forEach((val,i)=>{
      dataList[i].value = val;
    });
that.option = {
      title: {
        text: "任务单类别占比",
        x: "center"
      },
      tooltip: {
        trigger: "item",
         formatter: "{a} <br/>{b} : {c} ({d}%)"
      },
      legend: {
        orient: "vertical",
        left: "left",
        data: [''加钞任务单'',''网点寄库领回任务单'',''网点领现任务单'',''网点解现&寄库任务单''],

      },
      series: [
        {
          name: "任务单类别",
          type: "pie",
          radius: "55%",
          center: ["50%", "50%"],
          data: dataList,
          itemStyle: {
            emphasis: {
              shadowBlur: 10,
              shadowOffsetX: 0,
              shadowColor: "rgba(0, 0, 0, 0.5)"
            }
          }
        }
      ]
    };                                          ', 0, 'changjian', '2019-09-10 10:19:57', 'changjian', '2019-09-11 08:50:23', '1001');
INSERT INTO SELFDEF_CHARTS (CHART_ID, CHART_NAME, CHART_SUBJECT, CHART_TYPE, CHART_ICON, CHART_DEF, CHART_DESC, CHART_OPTION, CHART_STATUS, CREATOR, CREATE_TIME, LASTEST_MOD_OP, LASTEST_MOD_TIME, CREATOR_ORGNO) VALUES ('004', '车辆使用率图', 0, '0', 'dashboard', '{"service":{"serviceURL":"/bi/v1/bds/0001","serviceName":"测试接口","sid":"96736ccfe4e24a2d8fd4888130049b4a","serviceMethod":"GET"},"dimensionRows":["设备类型"],"measureRows":["设备量"],"serviceURL":"/bi/v1/bds/0001","serviceName":"测试接口","sid":"96736ccfe4e24a2d8fd4888130049b4a","serviceMethod":"GET"}                              ', null, 'that.option = {
            tooltip: {
                formatter: ''{a} <br/>{b} : {c}%''
            },
            series: [
                {
                    name: "车辆使用率",
                    type: ''gauge'',
                    detail: {formatter: ''{value}''},
                    axisTick: {
                        show: false
                    },
                    title: {
                        textStyle: {
                            color: ''blue''
                        }
                    },
                    radius: ''75%'',
                    center: [''50%'', ''58%''], //**调整仪表盘的位置**
                    itemStyle: {},
                    markLine: {
                        lineStyle: {
                            width: 2
                        }
                    },
                    axisLine: {
                        // 属性lineStyle控制线条样式
                        lineStyle: {
                            color: [[0.2, ''#D36E75''], [0.8, ''#4FA8ED''], [1, ''#29C0C2'']],
                            width: 20
                        }
                    },
                    // 指针
                    pointer: {
                        width: 4,
                    },
                    axisLabel: {
                        show: true,
                        distance: -50
                    },
                    splitLine: {
                        show: false
                    },
                    detail: {formatter:''{value}%''},
                    data: [{name:"车辆使用率",value:"80"}]
                }
            ]
        };                            ', 0, 'muyi', '2019-09-04 17:23:07', 'muyi', '2019-09-04 17:23:07', '1001');
INSERT INTO SELFDEF_CHARTS (CHART_ID, CHART_NAME, CHART_SUBJECT, CHART_TYPE, CHART_ICON, CHART_DEF, CHART_DESC, CHART_OPTION, CHART_STATUS, CREATOR, CREATE_TIME, LASTEST_MOD_OP, LASTEST_MOD_TIME, CREATOR_ORGNO) VALUES ('cb70368ee6c646288bc368c0db2e9646', '2019年9月任务单完成详情', 0, '0', 'histogram', '{"service":{"serviceURL":"/bi/v1/bds/1002","serviceName":"任务单完成详情（有参）","sid":"ac5e274a48bf4affa95d3bfebfa9143a","serviceMethod":"GET"},"dimensionRows":["日期"],"measureRows":["计划完成的任务单数","当前完成的任务单数"],"paramsRows":[],"serviceURL":"/bi/v1/bds/1002","serviceName":"任务单完成详情（有参）","sid":"ac5e274a48bf4affa95d3bfebfa9143a","serviceMethod":"GET","requestParam":[{"means":"开始时间","name":"startDate","require":1,"type":"String","value":"2019-09-01"},{"means":"结束时间","name":"endDate","require":1,"type":"String","value":"2019-09-30"}]}', null, '
 that.option = {
    title : {
        text: ''九月任务单完成详情'',
    },
    tooltip : {
        trigger: ''axis''
    },
    legend: {
        left:''right'',
        data:that.payload.legend
    },
    calculable : true,
    xAxis : [
        {
            type : ''category'',
            data : that.payload.dimensionList[0].data
        }
    ],
    yAxis : [
        {
            type : ''value''
        }
    ],
    series : [
    {
      name: that.payload.measureList[0].name,
      type: ''bar'',
      data: that.payload.measureList[0].data,
      markPoint: {
        data: [
          {type: ''max'', name: ''最大值''},
          {type: ''min'', name: ''最小值''}
        ]
      },
      markLine: {
        data: []
      }
    },
     {
      name: that.payload.measureList[1].name,
      type: ''bar'',
      data: that.payload.measureList[1].data,
      markPoint: {
        data: [
          {type: ''max'', name: ''最大值''},
          {type: ''min'', name: ''最小值''}
        ]
      },
      markLine: {
        data: []
      }
    },
   ]
};
', 0, 'zhangfeng', '2019-09-11 17:25:38', 'zhangfeng', '2019-09-11 17:25:38', '1001');
INSERT INTO SELFDEF_CHARTS (CHART_ID, CHART_NAME, CHART_SUBJECT, CHART_TYPE, CHART_ICON, CHART_DEF, CHART_DESC, CHART_OPTION, CHART_STATUS, CREATOR, CREATE_TIME, LASTEST_MOD_OP, LASTEST_MOD_TIME, CREATOR_ORGNO) VALUES ('dafec70cbc384ce7ae289c3efc41c7d0', '存取款交易折线图', 0, '0', 'line', '{"service":{"serviceURL":"/bi/v1/bds/0004","serviceName":"存取款交易","sid":"d98bb9700d914306817bb46ea0353e09","serviceMethod":"GET"},"dimensionRows":["日期"],"measureRows":["存款交易总额","取款交易总额"],"serviceURL":"/bi/v1/bds/0004","serviceName":"存取款交易","sid":"d98bb9700d914306817bb46ea0353e09","serviceMethod":"GET"}', null, '  that.option = {
    title: {
        text: ''存取款交易额折线图'',
    },
    tooltip: {
        trigger: ''axis''
    },
    legend: {
        data:that.payload.legend
    },
    xAxis:  {
        type: ''category'',
        boundaryGap: false,
        data: that.payload.dimensionList[0].data
    },
    yAxis: {
        type: ''value'',
    },
    series: [
        {
            name: that.payload.measureList[0].name,
            type:''line'',
            data: that.payload.measureList[0].data,
            markPoint: {
                data: [
                    {type: ''max'', name: ''最大值''},
                    {type: ''min'', name: ''最小值''}
                ]
            },
        },
        {
            name: that.payload.measureList[1].name,
            type:''line'',
            data: that.payload.measureList[1].data,
            markLine: {
                data: [
                    [{
                        symbol: ''none'',
                        x: ''90%'',
                        yAxis: ''max''
                    }, {
                        symbol: ''circle'',
                        label: {
                            normal: {
                                position: ''start'',
                                formatter: ''最大值''
                            }
                        },
                        type: ''max'',
                        name: ''最高点''
                    }],
                    [{
                        symbol: ''none'',
                        x: ''95%'',
                        yAxis: ''min''
                    }, {
                        symbol: ''circle'',
                        label: {
                            normal: {
                                position: ''start'',
                                formatter: ''最小值''
                            }
                        },
                        type: ''min'',
                        name: ''最低点''
                    }]
                ]
            }
        }
    ]
};                           ', 0, 'changjian', '2019-09-10 14:09:38', 'changjian', '2019-09-10 14:09:38', '1001');
INSERT INTO SELFDEF_CHARTS (CHART_ID, CHART_NAME, CHART_SUBJECT, CHART_TYPE, CHART_ICON, CHART_DEF, CHART_DESC, CHART_OPTION, CHART_STATUS, CREATOR, CREATE_TIME, LASTEST_MOD_OP, LASTEST_MOD_TIME, CREATOR_ORGNO) VALUES ('f63e5b0ef6a7425faa8bf0014e18f3cb', '2019第三季度存取款走势图', 0, '0', 'line', '{"service":{"serviceURL":"/bi/v1/bds/1001","serviceName":"测试接口（有参）","sid":"a776094ca34e45139021d5af2662711f","serviceMethod":"GET"},"dimensionRows":["日期"],"measureRows":["取款金额","存款金额"],"paramsRows":[],"serviceURL":"/bi/v1/bds/1001","serviceName":"测试接口（有参）","sid":"a776094ca34e45139021d5af2662711f","serviceMethod":"GET","requestParam":[{"means":"开始日期","name":"startDate","require":1,"type":"String","value":"2019-06-01"},{"means":"结束日期","name":"endDate","require":1,"type":"String","value":"2019-08-31"}]}', null, '  that.option = {
    title: {
        text: ''2019第三季度存取款交易额折线图'',
    },
    tooltip: {
        trigger: ''axis''
    },
    legend: {
        left:''right'',
        data:that.payload.legend
    },
    xAxis:  {
        type: ''category'',
        boundaryGap: false,
        data: that.payload.dimensionList[0].data
    },
    yAxis: {
        type: ''value'',
    },
    series: [
        {
            name: that.payload.measureList[0].name,
            type:''line'',
            data: that.payload.measureList[0].data,
            markPoint: {
                data: [
                    {type: ''max'', name: ''最大值''},
                    {type: ''min'', name: ''最小值''}
                ]
            },
        },
        {
            name: that.payload.measureList[1].name,
            type:''line'',
            data: that.payload.measureList[1].data,
            markLine: {
                data: [
                    [{
                        symbol: ''none'',
                        x: ''90%'',
                        yAxis: ''max''
                    }, {
                        symbol: ''circle'',
                        label: {
                            normal: {
                                position: ''start'',
                                formatter: ''最大值''
                            }
                        },
                        type: ''max'',
                        name: ''最高点''
                    }],
                    [{
                        symbol: ''none'',
                        x: ''95%'',
                        yAxis: ''min''
                    }, {
                        symbol: ''circle'',
                        label: {
                            normal: {
                                position: ''start'',
                                formatter: ''最小值''
                            }
                        },
                        type: ''min'',
                        name: ''最低点''
                    }]
                ]
            }
        }
    ]
};                           ', 0, 'changjian', '2019-09-11 17:30:52', 'changjian', '2019-09-11 17:30:52', '1001');
INSERT INTO SELFDEF_CHARTS (CHART_ID, CHART_NAME, CHART_SUBJECT, CHART_TYPE, CHART_ICON, CHART_DEF, CHART_DESC, CHART_OPTION, CHART_STATUS, CREATOR, CREATE_TIME, LASTEST_MOD_OP, LASTEST_MOD_TIME, CREATOR_ORGNO) VALUES ('3bd558b49ba549c5b23b12535ba95e7e', '2019存取款交易额走势', 1, '0', 'line', '{"service":{"serviceURL":"/bi/v1/bds/1003","serviceName":"存取款交易（有参）","sid":"3bfeeebd8fa24588834086f2e1c6aaf3","serviceMethod":"GET"},"dimensionRows":["日期"],"measureRows":["取款交易总额","存款交易总额"],"paramsRows":[],"serviceURL":"/bi/v1/bds/1003","serviceName":"存取款交易（有参）","sid":"3bfeeebd8fa24588834086f2e1c6aaf3","serviceMethod":"GET","requestParam":[{"means":"开始日期","name":"startDate","require":1,"type":"String","value":"2018-01-01"},{"means":"结束日期","name":"endDate","require":1,"type":"String","value":"2018-12-31"}]}', null, '
   that.option = {
    title: {
        text: ''2019存取款走势图'',
    },
    tooltip: {
        trigger: ''axis''
    },
    legend: {
        left:''right'',
        data:that.payload.legend
    },
    xAxis:  {
        type: ''category'',
        boundaryGap: false,
        data: that.payload.dimensionList[0].data
    },
    yAxis: {
        type: ''value'',
        axisLabel: {
            formatter: ''{value} 元''
        }
    },
    series: [
        {
            name: that.payload.measureList[0].name,
            type:''line'',
            data: that.payload.measureList[0].data,
            markPoint: {
                data: [
                    {type: ''max'', name: ''最大值''},
                    {type: ''min'', name: ''最小值''}
                ]
            },
            markLine: {
                data: [

                ]
            }
        },
        {
            name: that.payload.measureList[1].name,
            type:''line'',
            data: that.payload.measureList[1].data,
            markPoint: {
                data: [
                ]
            },
            markLine: {
                data: [
                    [{
                        symbol: ''none'',
                        x: ''90%'',
                        yAxis: ''max''
                    }, {
                        symbol: ''circle'',
                        label: {
                            normal: {
                                position: ''start'',
                                formatter: ''最大值''
                            }
                        },
                        type: ''max'',
                        name: ''最高点''
                    }],
                    [{
                        symbol: ''none'',
                        x: ''90%'',
                        yAxis: ''min''
                    }, {
                        symbol: ''circle'',
                        label: {
                            normal: {
                                position: ''start'',
                                formatter: ''最小值''
                            }
                        },
                        type: ''min'',
                        name: ''最低点''
                    }]
                ]
            }
        }
    ]
};                         ', 0, 'zhangfeng', '2019-09-11 17:18:48', 'zhangfeng', '2019-09-11 17:18:48', '1001');
INSERT INTO SELFDEF_CHARTS (CHART_ID, CHART_NAME, CHART_SUBJECT, CHART_TYPE, CHART_ICON, CHART_DEF, CHART_DESC, CHART_OPTION, CHART_STATUS, CREATOR, CREATE_TIME, LASTEST_MOD_OP, LASTEST_MOD_TIME, CREATOR_ORGNO) VALUES ('c3c04ed540a74f19a9b30f507bc4b794', '2019上半年存取款交易额走势图', 1, '0', 'line', '{"service":{"serviceURL":"/bi/v1/bds/1003","serviceName":"存取款交易（有参）","sid":"3bfeeebd8fa24588834086f2e1c6aaf3","serviceMethod":"GET"},"dimensionRows":["日期"],"measureRows":["取款交易总额","存款交易总额"],"paramsRows":[],"serviceURL":"/bi/v1/bds/1003","serviceName":"存取款交易（有参）","sid":"3bfeeebd8fa24588834086f2e1c6aaf3","serviceMethod":"GET","requestParam":[{"means":"开始日期","name":"startDate","require":1,"type":"String","value":"2019-01-01"},{"means":"结束日期","name":"endDate","require":1,"type":"String","value":"2019-06-30"}]}                                                                                ', null, '  that.option = {
    title: {
        text: ''2019上半年存取款交易额折线图'',
    },
    tooltip: {
        trigger: ''axis''
    },
    legend: {
        data:that.payload.legend
    },
    xAxis:  {
        type: ''category'',
        boundaryGap: false,
        data: that.payload.dimensionList[0].data
    },
    yAxis: {
        type: ''value'',
    },
    series: [
        {
            name: that.payload.measureList[0].name,
            type:''line'',
            data: that.payload.measureList[0].data,
            markPoint: {
                data: [
                    {type: ''max'', name: ''最大值''},
                    {type: ''min'', name: ''最小值''}
                ]
            },
        },
        {
            name: that.payload.measureList[1].name,
            type:''line'',
            data: that.payload.measureList[1].data,
            markLine: {
                data: [
                    [{
                        symbol: ''none'',
                        x: ''90%'',
                        yAxis: ''max''
                    }, {
                        symbol: ''circle'',
                        label: {
                            normal: {
                                position: ''start'',
                                formatter: ''最大值''
                            }
                        },
                        type: ''max'',
                        name: ''最高点''
                    }],
                    [{
                        symbol: ''none'',
                        x: ''95%'',
                        yAxis: ''min''
                    }, {
                        symbol: ''circle'',
                        label: {
                            normal: {
                                position: ''start'',
                                formatter: ''最小值''
                            }
                        },
                        type: ''min'',
                        name: ''最低点''
                    }]
                ]
            }
        }
    ]
};                           ', 0, 'changjian', '2019-09-11 15:38:47', 'changjian', '2019-09-11 15:38:47', '1001');
INSERT INTO SELFDEF_CHARTS (CHART_ID, CHART_NAME, CHART_SUBJECT, CHART_TYPE, CHART_ICON, CHART_DEF, CHART_DESC, CHART_OPTION, CHART_STATUS, CREATOR, CREATE_TIME, LASTEST_MOD_OP, LASTEST_MOD_TIME, CREATOR_ORGNO) VALUES ('32d43fb7ff6e4c8b96800536fdd99022', '网点解现回钞趋势', 0, '0', 'histogram', '{"service":{"returnParam":[{"means":"日期","name":"日期","require":1,"type":"String"},{"means":"解现金额","name":"解现金额","require":1,"type":"String"}],"serviceRspExp":"[]","serviceURL":"/bi/v1/bds/0002","serviceName":"网点解现量趋势","requestParam":[],"sid":"2009071cf44f46a396420dc16ae2cd2c","serviceMethod":"GET"},"dimensionRows":["日期"],"measureRows":["解现金额"],"returnParam":[{"means":"日期","name":"日期","require":1,"type":"String"},{"means":"解现金额","name":"解现金额","require":1,"type":"String"}],"serviceRspExp":"[]","serviceURL":"/bi/v1/bds/0002","serviceName":"网点解现量趋势","requestParam":[],"sid":"2009071cf44f46a396420dc16ae2cd2c","serviceMethod":"GET"}', null, '
 that.option = {
    title : {
        text: ''网点解现趋势''
    },
    tooltip : {
        trigger: ''axis''
    },
    legend: {
        data:that.payload.legend
    },

    calculable : true,
    xAxis : [
        {
            type : ''category'',
            data : that.payload.dimensionList[0].data
        }
    ],
    yAxis : [
        {
            type : ''value''
        }
    ],
    series : [
    {
      name: that.payload.measureList[0].name,
      type: ''bar'',
      data: that.payload.measureList[0].data,
      markPoint: {
        data: [
          {type: ''max'', name: ''最大值''},
          {type: ''min'', name: ''最小值''}
        ]
      },
      markLine: {
        data: [
          {type: ''average'', name: ''平均值''}
        ]
      }
    }
   ]
};
', 0, 'zhangfeng', '2019-09-09 17:00:15', 'changjian', '2019-09-10 16:54:31', '1001');
INSERT INTO SELFDEF_CHARTS (CHART_ID, CHART_NAME, CHART_SUBJECT, CHART_TYPE, CHART_ICON, CHART_DEF, CHART_DESC, CHART_OPTION, CHART_STATUS, CREATOR, CREATE_TIME, LASTEST_MOD_OP, LASTEST_MOD_TIME, CREATOR_ORGNO) VALUES ('fcd12345f7294afd89e2327f9442f04d', '当月任务单分类占比图', 0, '0', 'pie', '{"service":{"returnParam":[{"means":"任务单类别","name":"任务单类别","require":1,"type":"String"},{"means":"数量","name":"数量","require":1,"type":"String"}],"serviceRspExp":"[]","serviceURL":"/bi/v1/bds/0008","serviceName":"当月任务单分类占比","requestParam":[],"sid":"ee31cec118534dbf8f2a9b914e4d73a6","serviceMethod":"GET"},"dimensionRows":["任务单类别"],"measureRows":["数量"],"returnParam":[{"means":"任务单类别","name":"任务单类别","require":1,"type":"String"},{"means":"数量","name":"数量","require":1,"type":"String"}],"serviceRspExp":"[]","serviceURL":"/bi/v1/bds/0008","serviceName":"当月任务单分类占比","requestParam":[],"sid":"ee31cec118534dbf8f2a9b914e4d73a6","serviceMethod":"GET"}', null, '
  let dataList = [];
    that.payload.dimensionList[0].data.forEach(val=>{
      dataList.push({name:val});
    });
    that.payload.measureList[0].data.forEach((val,i)=>{
      dataList[i].value = val;
    });
that.option = {
      title: {
        text: "当月任务单分类占比",
        left:"right",
        x: "center"
      },
      tooltip: {
        trigger: "item",
         formatter: "{a} <br/>{b} : {c} ({d}%)"
      },
      legend: {
        orient: "vertical",
        left: "left",
        data: [''已完成任务单'',''已取消任务单'',''被退回任务单'',''已过期任务单'',''流转中任务单''],

      },
      series: [
        {
          name: "任务单类型",
          type: "pie",
          radius: "55%",
          center: ["50%", "60%"],
          data: dataList,
          itemStyle: {
            emphasis: {
              shadowBlur: 10,
              shadowOffsetX: 0,
              shadowColor: "rgba(0, 0, 0, 0.5)"
            }
          }
        }
      ]
    };
', 0, 'changjian', '2019-09-10 19:13:23', 'changjian', '2019-09-11 08:49:59', '1001');
INSERT INTO SELFDEF_CHARTS (CHART_ID, CHART_NAME, CHART_SUBJECT, CHART_TYPE, CHART_ICON, CHART_DEF, CHART_DESC, CHART_OPTION, CHART_STATUS, CREATOR, CREATE_TIME, LASTEST_MOD_OP, LASTEST_MOD_TIME, CREATOR_ORGNO) VALUES ('87deeace4d2646a980bc86be3fcbddfb', '当月有效任务单完成率', 0, '0', 'dashboard', '{"service":{"serviceURL":"/bi/v1/bds/0005","serviceName":"当月有效任务单完成率","sid":"88e643366c6a4fe096f3ce71fe044b58","serviceMethod":"GET"},"dimensionRows":["当月任务单状态"],"measureRows":["当月有效任务单完成率"],"serviceURL":"/bi/v1/bds/0005","serviceName":"当月有效任务单完成率","sid":"88e643366c6a4fe096f3ce71fe044b58","serviceMethod":"GET"}', null, '
 let dataList = [];
    that.payload.dimensionList[0].data.forEach(val=>{
      dataList.push({name:val});
    });
    that.payload.measureList[0].data.forEach((val,i)=>{
      dataList[i].value = val;
    });
  that.option = {
      tooltip: {
      },
       title: {
        left: ''center'',
        text: ''当月有效任务单完成率'',
    },
      toolbox: {
        feature: {
          restore: {},
          saveAsImage: {}
        }
      },
      series: [
        {
          name: "完成率",
          type: "gauge",
           detail: {formatter:''{value}%'',
              textStyle:{
                    "fontSize": 20,
              }
 },
          data: dataList
        }
      ]
    };
', 0, 'changjian', '2019-09-10 16:51:45', 'changjian', '2019-09-10 16:51:45', '1001');



commit;




