INSERT INTO TASK_CHECK_TABLE (ID, TASK_NO, CUSTOMER_NO, CONTAINER_NO, AMOUNT, CURRENCY_CODE, CURRENCY_TYPE, DENOMINATION, OP_NO, OP_TIME, CLEAR_MACHINE_NO, CASH_SHORT_OVER) VALUES ('010cbe3c328e4eaea36c1d5a7b265282', '02800120190918000010', '1001', null, 100, '1', 1, 2, 'liangzy', '2019-09-19 08:44:32', null, null);
INSERT INTO TASK_CHECK_TABLE (ID, TASK_NO, CUSTOMER_NO, CONTAINER_NO, AMOUNT, CURRENCY_CODE, CURRENCY_TYPE, DENOMINATION, OP_NO, OP_TIME, CLEAR_MACHINE_NO, CASH_SHORT_OVER) VALUES ('04a69dddc9f148d99c5e900bd4b17e0e', '02800120190906000003', '1001', null, 20000, '1', 1, 1, 'taozhou', '2019-09-18 09:53:30', null, null);
INSERT INTO TASK_CHECK_TABLE (ID, TASK_NO, CUSTOMER_NO, CONTAINER_NO, AMOUNT, CURRENCY_CODE, CURRENCY_TYPE, DENOMINATION, OP_NO, OP_TIME, CLEAR_MACHINE_NO, CASH_SHORT_OVER) VALUES ('0f4284b0b8574b53a5f3da086c76d9ad', '02800120190905000010', '0151', '0400010', 10000, '1', 1, 2, 'zhangsan', '2019-09-05 19:58:52', '1', 1);
INSERT INTO TASK_CHECK_TABLE (ID, TASK_NO, CUSTOMER_NO, CONTAINER_NO, AMOUNT, CURRENCY_CODE, CURRENCY_TYPE, DENOMINATION, OP_NO, OP_TIME, CLEAR_MACHINE_NO, CASH_SHORT_OVER) VALUES ('272b14db0783453fa99204da4f51693e', '02800120190905000012', '0141', '0400011', 11000, '1', 1, 1, 'rlge', '2019-09-06 09:36:03', null, null);
INSERT INTO TASK_CHECK_TABLE (ID, TASK_NO, CUSTOMER_NO, CONTAINER_NO, AMOUNT, CURRENCY_CODE, CURRENCY_TYPE, DENOMINATION, OP_NO, OP_TIME, CLEAR_MACHINE_NO, CASH_SHORT_OVER) VALUES ('32a8f2dd422f423ebf926fc1ef7a1c63', '02800120190904000004', '44020883', '020000001', 0, '1', 0, 0, 'zhangsan', '2019-09-04 16:41:22', null, null);
INSERT INTO TASK_CHECK_TABLE (ID, TASK_NO, CUSTOMER_NO, CONTAINER_NO, AMOUNT, CURRENCY_CODE, CURRENCY_TYPE, DENOMINATION, OP_NO, OP_TIME, CLEAR_MACHINE_NO, CASH_SHORT_OVER) VALUES ('33173c8093a94e36b83761cda8b90360', '02800120190829000009', '0440201380', '558', 100000, '2', 0, 0, 'zhangsan', '2019-09-04 09:12:11', null, null);
INSERT INTO TASK_CHECK_TABLE (ID, TASK_NO, CUSTOMER_NO, CONTAINER_NO, AMOUNT, CURRENCY_CODE, CURRENCY_TYPE, DENOMINATION, OP_NO, OP_TIME, CLEAR_MACHINE_NO, CASH_SHORT_OVER) VALUES ('38a89c02e952432a95dba1efb0267bd0', '02800120190904000014', '0538', '0400006', 70000, '1', 1, 1, 'zhangfeng', '2019-09-05 17:30:41', null, null);
INSERT INTO TASK_CHECK_TABLE (ID, TASK_NO, CUSTOMER_NO, CONTAINER_NO, AMOUNT, CURRENCY_CODE, CURRENCY_TYPE, DENOMINATION, OP_NO, OP_TIME, CLEAR_MACHINE_NO, CASH_SHORT_OVER) VALUES ('3a243ba6063f474e8197a3b9ecdd30aa', '02800120190905000010', '0151', '0400009', 10000, '1', 1, 1, 'zhangsan', '2019-09-05 19:58:26', '1', 1);
INSERT INTO TASK_CHECK_TABLE (ID, TASK_NO, CUSTOMER_NO, CONTAINER_NO, AMOUNT, CURRENCY_CODE, CURRENCY_TYPE, DENOMINATION, OP_NO, OP_TIME, CLEAR_MACHINE_NO, CASH_SHORT_OVER) VALUES ('3b300eebebb44a0cb6c3ab98dd3307e3', '02800120190906000007', '2080', '001', 1000, '1', 1, 10, 'zhangfeng', '2019-09-06 16:28:54', null, null);
INSERT INTO TASK_CHECK_TABLE (ID, TASK_NO, CUSTOMER_NO, CONTAINER_NO, AMOUNT, CURRENCY_CODE, CURRENCY_TYPE, DENOMINATION, OP_NO, OP_TIME, CLEAR_MACHINE_NO, CASH_SHORT_OVER) VALUES ('3ebcb0526abe43ed88530ec1eeac5a17', '02800120190910000001', '44020817', null, 10000, '1', 1, 100, 'zhangsan', '2019-09-18 11:22:27', null, null);
INSERT INTO TASK_CHECK_TABLE (ID, TASK_NO, CUSTOMER_NO, CONTAINER_NO, AMOUNT, CURRENCY_CODE, CURRENCY_TYPE, DENOMINATION, OP_NO, OP_TIME, CLEAR_MACHINE_NO, CASH_SHORT_OVER) VALUES ('5c753c4a8ffd48ffbc44debab5c36405', '02800120190918000010', '1001', null, 10000, '1', 1, 1, 'liangzy', '2019-09-19 08:44:32', null, null);
INSERT INTO TASK_CHECK_TABLE (ID, TASK_NO, CUSTOMER_NO, CONTAINER_NO, AMOUNT, CURRENCY_CODE, CURRENCY_TYPE, DENOMINATION, OP_NO, OP_TIME, CLEAR_MACHINE_NO, CASH_SHORT_OVER) VALUES ('637b2a2020e4482bbdd77befa772b732', '02800120190830000002', '0440201380', '5522', 100000, '2', 0, 0, 'zhangsan', '2019-09-04 09:29:30', null, null);
INSERT INTO TASK_CHECK_TABLE (ID, TASK_NO, CUSTOMER_NO, CONTAINER_NO, AMOUNT, CURRENCY_CODE, CURRENCY_TYPE, DENOMINATION, OP_NO, OP_TIME, CLEAR_MACHINE_NO, CASH_SHORT_OVER) VALUES ('65c44400e94a42b290ffaa418a4dd240', '02800120190904000014', '0538', '0400006', 600000000, '1', 1, 2, 'zhangfeng', '2019-09-05 17:30:41', null, null);
INSERT INTO TASK_CHECK_TABLE (ID, TASK_NO, CUSTOMER_NO, CONTAINER_NO, AMOUNT, CURRENCY_CODE, CURRENCY_TYPE, DENOMINATION, OP_NO, OP_TIME, CLEAR_MACHINE_NO, CASH_SHORT_OVER) VALUES ('68e1f740f17e44b1ba452199c977cc86', '02800120190911000007', '44020903', null, null, '1', 1, 100, 'liangzy', '2019-09-18 10:48:31', null, null);
INSERT INTO TASK_CHECK_TABLE (ID, TASK_NO, CUSTOMER_NO, CONTAINER_NO, AMOUNT, CURRENCY_CODE, CURRENCY_TYPE, DENOMINATION, OP_NO, OP_TIME, CLEAR_MACHINE_NO, CASH_SHORT_OVER) VALUES ('70c5d0a966944fd894b440c67df223ac', '02800120190829000009', '0440201380', '542', 100000, '2', 0, 0, 'zhangsan', '2019-09-04 09:29:07', null, null);
INSERT INTO TASK_CHECK_TABLE (ID, TASK_NO, CUSTOMER_NO, CONTAINER_NO, AMOUNT, CURRENCY_CODE, CURRENCY_TYPE, DENOMINATION, OP_NO, OP_TIME, CLEAR_MACHINE_NO, CASH_SHORT_OVER) VALUES ('7c134f5ae47945019bac9f8babe2282a', '02800120190918000010', '1001', null, 2000, '1', 1, 2, 'liangzy', '2019-09-19 08:44:32', null, null);
INSERT INTO TASK_CHECK_TABLE (ID, TASK_NO, CUSTOMER_NO, CONTAINER_NO, AMOUNT, CURRENCY_CODE, CURRENCY_TYPE, DENOMINATION, OP_NO, OP_TIME, CLEAR_MACHINE_NO, CASH_SHORT_OVER) VALUES ('826fc4810f8d41b5bad80dcce3406d58', '02800120190830000001', '0440201380', '5531', 100000, '2', 0, 0, 'zhangsan', '2019-09-04 09:14:59', null, null);
INSERT INTO TASK_CHECK_TABLE (ID, TASK_NO, CUSTOMER_NO, CONTAINER_NO, AMOUNT, CURRENCY_CODE, CURRENCY_TYPE, DENOMINATION, OP_NO, OP_TIME, CLEAR_MACHINE_NO, CASH_SHORT_OVER) VALUES ('8abec3860c9d4aafb796501b1251a1da', '02800120190918000009', '44022742', null, null, '1', 1, 100, 'zhangfeng', '2019-09-18 14:45:59', null, null);
INSERT INTO TASK_CHECK_TABLE (ID, TASK_NO, CUSTOMER_NO, CONTAINER_NO, AMOUNT, CURRENCY_CODE, CURRENCY_TYPE, DENOMINATION, OP_NO, OP_TIME, CLEAR_MACHINE_NO, CASH_SHORT_OVER) VALUES ('8b040b29fda24884a89aed0116e313fa', '02800120190905000012', '0141', '0400012', 120310, '1', 1, 1, 'rlge', '2019-09-06 09:39:45', null, null);
INSERT INTO TASK_CHECK_TABLE (ID, TASK_NO, CUSTOMER_NO, CONTAINER_NO, AMOUNT, CURRENCY_CODE, CURRENCY_TYPE, DENOMINATION, OP_NO, OP_TIME, CLEAR_MACHINE_NO, CASH_SHORT_OVER) VALUES ('8b430f65bb7f4ecb8b6e8a17cb4afb23', '02800120190904000006', '0144', '0400004', 0, '1', 0, 0, 'zhangsan', '2019-09-04 17:00:05', null, null);
INSERT INTO TASK_CHECK_TABLE (ID, TASK_NO, CUSTOMER_NO, CONTAINER_NO, AMOUNT, CURRENCY_CODE, CURRENCY_TYPE, DENOMINATION, OP_NO, OP_TIME, CLEAR_MACHINE_NO, CASH_SHORT_OVER) VALUES ('91e0b59bbf12489c8bb139fcbd2b6746', '02800120190904000004', '44020883', '010000001', 0, '1', 0, 0, 'zhangsan', '2019-09-04 16:41:44', null, null);
INSERT INTO TASK_CHECK_TABLE (ID, TASK_NO, CUSTOMER_NO, CONTAINER_NO, AMOUNT, CURRENCY_CODE, CURRENCY_TYPE, DENOMINATION, OP_NO, OP_TIME, CLEAR_MACHINE_NO, CASH_SHORT_OVER) VALUES ('9a8c9bceb75e45089cf82829571f3015', '02800120190902000005', '1001', '454221', 0, null, 0, 0, 'zhangsan', '2019-09-03 20:51:06', null, null);
INSERT INTO TASK_CHECK_TABLE (ID, TASK_NO, CUSTOMER_NO, CONTAINER_NO, AMOUNT, CURRENCY_CODE, CURRENCY_TYPE, DENOMINATION, OP_NO, OP_TIME, CLEAR_MACHINE_NO, CASH_SHORT_OVER) VALUES ('9f8a0773228d491ba2f5fd5383b1f712', '02800120190905000010', '0151', '0400009', 10000, '1', 1, 2, 'zhangsan', '2019-09-05 19:58:26', '1', 1);
INSERT INTO TASK_CHECK_TABLE (ID, TASK_NO, CUSTOMER_NO, CONTAINER_NO, AMOUNT, CURRENCY_CODE, CURRENCY_TYPE, DENOMINATION, OP_NO, OP_TIME, CLEAR_MACHINE_NO, CASH_SHORT_OVER) VALUES ('a2339c8e59df4883b9c66d8315ac18a9', '02800120190830000001', '0440201380', '5520', 100000, '2', 0, 0, 'zhangsan', '2019-09-04 09:26:41', null, null);
INSERT INTO TASK_CHECK_TABLE (ID, TASK_NO, CUSTOMER_NO, CONTAINER_NO, AMOUNT, CURRENCY_CODE, CURRENCY_TYPE, DENOMINATION, OP_NO, OP_TIME, CLEAR_MACHINE_NO, CASH_SHORT_OVER) VALUES ('b3d0d20bfa2c4e759763835910e35cb3', '02800120190911000005', '44020933', null, null, '1', 1, 100, 'zhangfeng', '2019-09-12 15:38:47', null, null);
INSERT INTO TASK_CHECK_TABLE (ID, TASK_NO, CUSTOMER_NO, CONTAINER_NO, AMOUNT, CURRENCY_CODE, CURRENCY_TYPE, DENOMINATION, OP_NO, OP_TIME, CLEAR_MACHINE_NO, CASH_SHORT_OVER) VALUES ('c35d70c8d66b484bac4aef41ff11392a', '02800120190904000007', '1001', null, 20000, '1', 1, 1, 'taozhou', '2019-09-18 09:20:53', null, null);
INSERT INTO TASK_CHECK_TABLE (ID, TASK_NO, CUSTOMER_NO, CONTAINER_NO, AMOUNT, CURRENCY_CODE, CURRENCY_TYPE, DENOMINATION, OP_NO, OP_TIME, CLEAR_MACHINE_NO, CASH_SHORT_OVER) VALUES ('c55ada05c9c74eaca5295d0de121a75e', '02800120190918000003', '0145', null, 20000, '1', 1, 1, 'taozhou', '2019-09-18 10:30:26', null, null);
INSERT INTO TASK_CHECK_TABLE (ID, TASK_NO, CUSTOMER_NO, CONTAINER_NO, AMOUNT, CURRENCY_CODE, CURRENCY_TYPE, DENOMINATION, OP_NO, OP_TIME, CLEAR_MACHINE_NO, CASH_SHORT_OVER) VALUES ('cd8a502068d04b7b972aa7888c355bf6', '02800120190906000007', '2080', '001', 28000, '1', 1, 1, 'zhangfeng', '2019-09-06 16:28:54', null, null);
INSERT INTO TASK_CHECK_TABLE (ID, TASK_NO, CUSTOMER_NO, CONTAINER_NO, AMOUNT, CURRENCY_CODE, CURRENCY_TYPE, DENOMINATION, OP_NO, OP_TIME, CLEAR_MACHINE_NO, CASH_SHORT_OVER) VALUES ('d482b80e45c4455eaa4bbb680ecaaab2', '02800120190905000007', '1001', null, 20000, '1', 1, 1, 'taozhou', '2019-09-18 09:31:23', null, null);
INSERT INTO TASK_CHECK_TABLE (ID, TASK_NO, CUSTOMER_NO, CONTAINER_NO, AMOUNT, CURRENCY_CODE, CURRENCY_TYPE, DENOMINATION, OP_NO, OP_TIME, CLEAR_MACHINE_NO, CASH_SHORT_OVER) VALUES ('f70846b4a0b146428e0a6e43e7b72fdb', '02800120190905000010', '0151', '0400010', 10000, '1', 1, 1, 'zhangsan', '2019-09-05 19:58:52', '1', 1);

commit;

INSERT INTO TASK_DETAIL_TABLE (TASK_NO, CUSTOMER_NO, CUSTOMER_TYPE, SORT, ADDRESS, NOTE, STATUS) VALUES ('02800120190928000001', '2210', 2, null, null, null, null);
INSERT INTO TASK_DETAIL_TABLE (TASK_NO, CUSTOMER_NO, CUSTOMER_TYPE, SORT, ADDRESS, NOTE, STATUS) VALUES ('02800120190930000001', '44021654', 6, 2, null, null, 2);
INSERT INTO TASK_DETAIL_TABLE (TASK_NO, CUSTOMER_NO, CUSTOMER_TYPE, SORT, ADDRESS, NOTE, STATUS) VALUES ('02800120190930000001', '44022487', 6, 1, null, null, 2);
INSERT INTO TASK_DETAIL_TABLE (TASK_NO, CUSTOMER_NO, CUSTOMER_TYPE, SORT, ADDRESS, NOTE, STATUS) VALUES ('02800120190930000002', '44021654', 6, 1, null, null, 2);
INSERT INTO TASK_DETAIL_TABLE (TASK_NO, CUSTOMER_NO, CUSTOMER_TYPE, SORT, ADDRESS, NOTE, STATUS) VALUES ('02800120190930000003', '44021654', 6, 1, null, null, 2);

INSERT INTO TASK_ENTITY_DETAIL (ID, TASK_NO, CONTAINER_NO, CONTAINER_TYPE, AMOUNT, CURRENCY_TYPE, CURRENCY_CODE, DENOMINATION, OP_TYPE, OP_NO, OP_TIME, CLEAR_MACHINE_NO, APPLY_AMOUNT) VALUES ('1c912c67d77d47c3aeb7d8e499527483', '02800120190930000002', '010000003', 2, 400000, 1, '1', 1, 1, 'zhangfeng', '2019-09-30 15:52:25', null, null);
INSERT INTO TASK_ENTITY_DETAIL (ID, TASK_NO, CONTAINER_NO, CONTAINER_TYPE, AMOUNT, CURRENCY_TYPE, CURRENCY_CODE, DENOMINATION, OP_TYPE, OP_NO, OP_TIME, CLEAR_MACHINE_NO, APPLY_AMOUNT) VALUES ('1f954374e57043cc85790b71b9940a37', '02800120190930000003', '011', 1, 0, 1, 'CNY', 1, 1, 'zhangfeng', '2019-09-30 16:31:56', null, null);
INSERT INTO TASK_ENTITY_DETAIL (ID, TASK_NO, CONTAINER_NO, CONTAINER_TYPE, AMOUNT, CURRENCY_TYPE, CURRENCY_CODE, DENOMINATION, OP_TYPE, OP_NO, OP_TIME, CLEAR_MACHINE_NO, APPLY_AMOUNT) VALUES ('22e0d7b9635b48918bf2db6100d325ec', '02800120190930000001', '010000002', 2, 550000, 1, '1', 1, 1, 'zhangfeng', '2019-09-30 15:31:26', null, null);
INSERT INTO TASK_ENTITY_DETAIL (ID, TASK_NO, CONTAINER_NO, CONTAINER_TYPE, AMOUNT, CURRENCY_TYPE, CURRENCY_CODE, DENOMINATION, OP_TYPE, OP_NO, OP_TIME, CLEAR_MACHINE_NO, APPLY_AMOUNT) VALUES ('39306fa138444b3da79fc952ab9a79e9', '02800120190930000003', '010000001', 2, 400000, 1, '1', 1, 1, 'zhangfeng', '2019-09-30 16:31:56', null, null);
INSERT INTO TASK_ENTITY_DETAIL (ID, TASK_NO, CONTAINER_NO, CONTAINER_TYPE, AMOUNT, CURRENCY_TYPE, CURRENCY_CODE, DENOMINATION, OP_TYPE, OP_NO, OP_TIME, CLEAR_MACHINE_NO, APPLY_AMOUNT) VALUES ('48acfbf0831145aca149242c56d21aff', '02800120190928000001', '040000004', 4, null, null, null, null, null, 'liangzy', '2019-09-28 23:04:59', null, null);
INSERT INTO TASK_ENTITY_DETAIL (ID, TASK_NO, CONTAINER_NO, CONTAINER_TYPE, AMOUNT, CURRENCY_TYPE, CURRENCY_CODE, DENOMINATION, OP_TYPE, OP_NO, OP_TIME, CLEAR_MACHINE_NO, APPLY_AMOUNT) VALUES ('4b209924e938444fbb5bbcfcd7545b32', '02800120190928000001', '040000001', 4, null, null, null, null, null, 'liangzy', '2019-09-28 23:04:59', null, null);
INSERT INTO TASK_ENTITY_DETAIL (ID, TASK_NO, CONTAINER_NO, CONTAINER_TYPE, AMOUNT, CURRENCY_TYPE, CURRENCY_CODE, DENOMINATION, OP_TYPE, OP_NO, OP_TIME, CLEAR_MACHINE_NO, APPLY_AMOUNT) VALUES ('4c25511832b74038b09921d47adf9c4b', '02800120190930000001', '011', 1, 0, 1, 'CNY', 1, 1, 'zhangfeng', '2019-09-30 15:31:01', null, null);
INSERT INTO TASK_ENTITY_DETAIL (ID, TASK_NO, CONTAINER_NO, CONTAINER_TYPE, AMOUNT, CURRENCY_TYPE, CURRENCY_CODE, DENOMINATION, OP_TYPE, OP_NO, OP_TIME, CLEAR_MACHINE_NO, APPLY_AMOUNT) VALUES ('7efe505d63b24bff940f8b788795cf08', '02800120190928000001', '040000003', 4, null, null, null, null, null, 'liangzy', '2019-09-28 23:04:59', null, null);
INSERT INTO TASK_ENTITY_DETAIL (ID, TASK_NO, CONTAINER_NO, CONTAINER_TYPE, AMOUNT, CURRENCY_TYPE, CURRENCY_CODE, DENOMINATION, OP_TYPE, OP_NO, OP_TIME, CLEAR_MACHINE_NO, APPLY_AMOUNT) VALUES ('987c8c35e8d24c1f9740549f057fb9fa', '02800120190930000001', '010000001', 2, 400000, 1, '1', 1, 1, 'zhangfeng', '2019-09-30 15:31:01', null, null);
INSERT INTO TASK_ENTITY_DETAIL (ID, TASK_NO, CONTAINER_NO, CONTAINER_TYPE, AMOUNT, CURRENCY_TYPE, CURRENCY_CODE, DENOMINATION, OP_TYPE, OP_NO, OP_TIME, CLEAR_MACHINE_NO, APPLY_AMOUNT) VALUES ('acb1da339e0a416ebe86f9a3e8d7bf39', '02800120190928000001', '040000002', 4, null, null, null, null, null, 'liangzy', '2019-09-28 23:04:59', null, null);
INSERT INTO TASK_ENTITY_DETAIL (ID, TASK_NO, CONTAINER_NO, CONTAINER_TYPE, AMOUNT, CURRENCY_TYPE, CURRENCY_CODE, DENOMINATION, OP_TYPE, OP_NO, OP_TIME, CLEAR_MACHINE_NO, APPLY_AMOUNT) VALUES ('c62b1758a7b14f10b171adfae9c19194', '02800120190930000002', '011', 1, 0, 1, 'CNY', 1, 1, 'zhangfeng', '2019-09-30 15:52:25', null, null);
INSERT INTO TASK_ENTITY_DETAIL (ID, TASK_NO, CONTAINER_NO, CONTAINER_TYPE, AMOUNT, CURRENCY_TYPE, CURRENCY_CODE, DENOMINATION, OP_TYPE, OP_NO, OP_TIME, CLEAR_MACHINE_NO, APPLY_AMOUNT) VALUES ('f4adda8e48d848ac819270a57c6b4a6e', '02800120190930000001', '002', 1, 0, 1, 'CNY', 1, 1, 'zhangfeng', '2019-09-30 15:31:26', null, null);

INSERT INTO TASK_ENTITY_TABLE (TASK_NO, CONTAINER_NO, CUSTOMER_NO, ENTITY_TYPE, DIRECTION, UPPER_NO, LEAF_FLAG, STATUS, NOTE, DEPOSIT_TYPE) VALUES ('02800120190928000001', '040000001', '2210', null, 2, null, 1, null, '2019-09-29', 2);
INSERT INTO TASK_ENTITY_TABLE (TASK_NO, CONTAINER_NO, CUSTOMER_NO, ENTITY_TYPE, DIRECTION, UPPER_NO, LEAF_FLAG, STATUS, NOTE, DEPOSIT_TYPE) VALUES ('02800120190928000001', '040000002', '2210', null, 2, null, 1, null, '2019-09-29', 2);
INSERT INTO TASK_ENTITY_TABLE (TASK_NO, CONTAINER_NO, CUSTOMER_NO, ENTITY_TYPE, DIRECTION, UPPER_NO, LEAF_FLAG, STATUS, NOTE, DEPOSIT_TYPE) VALUES ('02800120190928000001', '040000003', '2210', null, 2, null, 1, null, '2019-09-29', 2);
INSERT INTO TASK_ENTITY_TABLE (TASK_NO, CONTAINER_NO, CUSTOMER_NO, ENTITY_TYPE, DIRECTION, UPPER_NO, LEAF_FLAG, STATUS, NOTE, DEPOSIT_TYPE) VALUES ('02800120190928000001', '040000004', '2210', null, 2, null, 1, null, '2019-09-29', 2);
INSERT INTO TASK_ENTITY_TABLE (TASK_NO, CONTAINER_NO, CUSTOMER_NO, ENTITY_TYPE, DIRECTION, UPPER_NO, LEAF_FLAG, STATUS, NOTE, DEPOSIT_TYPE) VALUES ('02800120190930000001', '011', '44021654', 1, 1, null, 0, 1, null, null);
INSERT INTO TASK_ENTITY_TABLE (TASK_NO, CONTAINER_NO, CUSTOMER_NO, ENTITY_TYPE, DIRECTION, UPPER_NO, LEAF_FLAG, STATUS, NOTE, DEPOSIT_TYPE) VALUES ('02800120190930000001', '010000002', '44022487', 1, 1, '002', 1, 1, null, null);
INSERT INTO TASK_ENTITY_TABLE (TASK_NO, CONTAINER_NO, CUSTOMER_NO, ENTITY_TYPE, DIRECTION, UPPER_NO, LEAF_FLAG, STATUS, NOTE, DEPOSIT_TYPE) VALUES ('02800120190930000001', '010000001', '44021654', 1, 1, '011', 1, 1, null, null);
INSERT INTO TASK_ENTITY_TABLE (TASK_NO, CONTAINER_NO, CUSTOMER_NO, ENTITY_TYPE, DIRECTION, UPPER_NO, LEAF_FLAG, STATUS, NOTE, DEPOSIT_TYPE) VALUES ('02800120190930000001', '002', '44022487', 1, 1, null, 0, 1, null, null);
INSERT INTO TASK_ENTITY_TABLE (TASK_NO, CONTAINER_NO, CUSTOMER_NO, ENTITY_TYPE, DIRECTION, UPPER_NO, LEAF_FLAG, STATUS, NOTE, DEPOSIT_TYPE) VALUES ('02800120190930000002', '010000001', '44021654', 1, 2, '011', 1, null, null, null);
INSERT INTO TASK_ENTITY_TABLE (TASK_NO, CONTAINER_NO, CUSTOMER_NO, ENTITY_TYPE, DIRECTION, UPPER_NO, LEAF_FLAG, STATUS, NOTE, DEPOSIT_TYPE) VALUES ('02800120190930000002', '011', '44021654', 1, 1, null, 0, 1, null, null);
INSERT INTO TASK_ENTITY_TABLE (TASK_NO, CONTAINER_NO, CUSTOMER_NO, ENTITY_TYPE, DIRECTION, UPPER_NO, LEAF_FLAG, STATUS, NOTE, DEPOSIT_TYPE) VALUES ('02800120190930000002', '010000003', '44021654', 1, 1, '011', 1, 1, null, null);
INSERT INTO TASK_ENTITY_TABLE (TASK_NO, CONTAINER_NO, CUSTOMER_NO, ENTITY_TYPE, DIRECTION, UPPER_NO, LEAF_FLAG, STATUS, NOTE, DEPOSIT_TYPE) VALUES ('02800120190930000003', '011', '44021654', 1, 1, null, 0, 1, null, null);
INSERT INTO TASK_ENTITY_TABLE (TASK_NO, CONTAINER_NO, CUSTOMER_NO, ENTITY_TYPE, DIRECTION, UPPER_NO, LEAF_FLAG, STATUS, NOTE, DEPOSIT_TYPE) VALUES ('02800120190930000003', '010000001', '44021654', 1, 1, '011', 1, 1, null, null);

INSERT INTO TASK_PER_RECORDER (ID, TASK_NO, CONTAINER_NO, PERFORM_TIME, PERFORM_TYPE, OP_NO1, OP_NO2, CONTAINER_TYPE) VALUES ('0288b7fe6edd4246a77b2bfeff5b535f', '02800120190930000003', '010000001', '2019-09-30 16:33:25', 7, 'zhangfeng', null, 2);
INSERT INTO TASK_PER_RECORDER (ID, TASK_NO, CONTAINER_NO, PERFORM_TIME, PERFORM_TYPE, OP_NO1, OP_NO2, CONTAINER_TYPE) VALUES ('035cd0e4b3df48deae724516ecf58a47', '02800120190930000002', '010000001', '2019-09-30 16:33:49', 4, 'zhangfeng', null, 1);
INSERT INTO TASK_PER_RECORDER (ID, TASK_NO, CONTAINER_NO, PERFORM_TIME, PERFORM_TYPE, OP_NO1, OP_NO2, CONTAINER_TYPE) VALUES ('121b93edf272415b86d49ba95518b0d4', '02800120190930000002', '010000003', '2019-09-30 15:56:41', 4, 'zhangfeng', null, 2);
INSERT INTO TASK_PER_RECORDER (ID, TASK_NO, CONTAINER_NO, PERFORM_TIME, PERFORM_TYPE, OP_NO1, OP_NO2, CONTAINER_TYPE) VALUES ('152ee1284124490e93d93128331a993b', '02800120190930000002', '011', '2019-09-30 15:56:09', 7, 'zhangfeng', null, 1);
INSERT INTO TASK_PER_RECORDER (ID, TASK_NO, CONTAINER_NO, PERFORM_TIME, PERFORM_TYPE, OP_NO1, OP_NO2, CONTAINER_TYPE) VALUES ('1946e50200b94c39bf566810d968c5d9', '02800120190930000001', '011', '2019-09-30 15:35:51', 3, 'zhangfeng', null, 1);
INSERT INTO TASK_PER_RECORDER (ID, TASK_NO, CONTAINER_NO, PERFORM_TIME, PERFORM_TYPE, OP_NO1, OP_NO2, CONTAINER_TYPE) VALUES ('1c39874c59e642a58e4a70a24b1d20b6', '02800120190930000003', '011', '2019-09-30 16:32:24', 2, 'zhangfeng', null, 1);
INSERT INTO TASK_PER_RECORDER (ID, TASK_NO, CONTAINER_NO, PERFORM_TIME, PERFORM_TYPE, OP_NO1, OP_NO2, CONTAINER_TYPE) VALUES ('1cd0e4b910664e78a6a3bbbcadbb87cd', '02800120190930000001', '010000001', '2019-09-30 16:33:50', 4, 'zhangfeng', null, 2);
INSERT INTO TASK_PER_RECORDER (ID, TASK_NO, CONTAINER_NO, PERFORM_TIME, PERFORM_TYPE, OP_NO1, OP_NO2, CONTAINER_TYPE) VALUES ('214899f59aca4ca091e9bc1cbd46940c', '02800120190930000002', '010000001', '2019-09-30 15:57:27', 6, 'zhangfeng', null, 1);
INSERT INTO TASK_PER_RECORDER (ID, TASK_NO, CONTAINER_NO, PERFORM_TIME, PERFORM_TYPE, OP_NO1, OP_NO2, CONTAINER_TYPE) VALUES ('2159d8f87ad04303ae28a01872577c71', '02800120190930000003', '010000001', '2019-09-30 16:33:47', 4, 'zhangfeng', null, 2);
INSERT INTO TASK_PER_RECORDER (ID, TASK_NO, CONTAINER_NO, PERFORM_TIME, PERFORM_TYPE, OP_NO1, OP_NO2, CONTAINER_TYPE) VALUES ('21efcd24f0d341cf8250e07c5cc9ad23', '02800120190930000002', '011', '2019-09-30 16:46:43', 3, 'zhangfeng', null, 1);
INSERT INTO TASK_PER_RECORDER (ID, TASK_NO, CONTAINER_NO, PERFORM_TIME, PERFORM_TYPE, OP_NO1, OP_NO2, CONTAINER_TYPE) VALUES ('3390920fd2d248d6acb95b18043e154c', '02800120190930000002', '011', '2019-09-30 15:56:59', 5, 'zhangfeng', null, 1);
INSERT INTO TASK_PER_RECORDER (ID, TASK_NO, CONTAINER_NO, PERFORM_TIME, PERFORM_TYPE, OP_NO1, OP_NO2, CONTAINER_TYPE) VALUES ('37b42bbbef9a4dfca0f981b18fb1f908', '02800120190930000002', '011', '2019-09-30 15:52:53', 2, 'zhangfeng', null, 1);
INSERT INTO TASK_PER_RECORDER (ID, TASK_NO, CONTAINER_NO, PERFORM_TIME, PERFORM_TYPE, OP_NO1, OP_NO2, CONTAINER_TYPE) VALUES ('3e1c8c368044497dac2acbec417feadd', '02800120190930000001', '011', '2019-09-30 15:47:52', 6, 'zhangfeng', null, 1);
INSERT INTO TASK_PER_RECORDER (ID, TASK_NO, CONTAINER_NO, PERFORM_TIME, PERFORM_TYPE, OP_NO1, OP_NO2, CONTAINER_TYPE) VALUES ('4c792b377e284f55bc36e4bc105f8f7b', '02800120190930000002', '010000001', '2019-09-30 15:56:59', 5, 'zhangfeng', null, 2);
INSERT INTO TASK_PER_RECORDER (ID, TASK_NO, CONTAINER_NO, PERFORM_TIME, PERFORM_TYPE, OP_NO1, OP_NO2, CONTAINER_TYPE) VALUES ('64f56f97d87a4c9ba1a914e6922272e6', '02800120190930000001', '011', '2019-09-30 15:46:10', 7, 'zhangfeng', null, 1);
INSERT INTO TASK_PER_RECORDER (ID, TASK_NO, CONTAINER_NO, PERFORM_TIME, PERFORM_TYPE, OP_NO1, OP_NO2, CONTAINER_TYPE) VALUES ('764d9e36947548e893af11707677b4a9', '02800120190930000001', '002', '2019-09-30 15:35:07', 2, 'zhangfeng', null, 1);
INSERT INTO TASK_PER_RECORDER (ID, TASK_NO, CONTAINER_NO, PERFORM_TIME, PERFORM_TYPE, OP_NO1, OP_NO2, CONTAINER_TYPE) VALUES ('76f9436ae55d4b868c96a1eba2b847e2', '02800120190930000001', '010000001', '2019-09-30 15:46:37', 4, 'zhangfeng', null, 2);
INSERT INTO TASK_PER_RECORDER (ID, TASK_NO, CONTAINER_NO, PERFORM_TIME, PERFORM_TYPE, OP_NO1, OP_NO2, CONTAINER_TYPE) VALUES ('7fb8e37f0d424106945ac25354c497e1', '02800120190930000001', '002', '2019-09-30 15:47:52', 6, 'zhangfeng', null, 1);
INSERT INTO TASK_PER_RECORDER (ID, TASK_NO, CONTAINER_NO, PERFORM_TIME, PERFORM_TYPE, OP_NO1, OP_NO2, CONTAINER_TYPE) VALUES ('94a28b3ef69749cd9d82d000d0451e74', '02800120190930000001', '011', '2019-09-30 15:35:07', 2, 'zhangfeng', null, 1);
INSERT INTO TASK_PER_RECORDER (ID, TASK_NO, CONTAINER_NO, PERFORM_TIME, PERFORM_TYPE, OP_NO1, OP_NO2, CONTAINER_TYPE) VALUES ('98bdd82a5efc45f7b763c51822c63c8c', '02800120190930000001', '002', '2019-09-30 15:46:10', 7, 'zhangfeng', null, 1);
INSERT INTO TASK_PER_RECORDER (ID, TASK_NO, CONTAINER_NO, PERFORM_TIME, PERFORM_TYPE, OP_NO1, OP_NO2, CONTAINER_TYPE) VALUES ('ba3bf64bcb2b47c19ef00ed234a234ec', '02800120190930000003', '011', '2019-09-30 16:32:47', 3, 'zhangfeng', null, 1);
INSERT INTO TASK_PER_RECORDER (ID, TASK_NO, CONTAINER_NO, PERFORM_TIME, PERFORM_TYPE, OP_NO1, OP_NO2, CONTAINER_TYPE) VALUES ('c6428c5cff6141e690941e41a809075c', '02800120190930000002', '011', '2019-09-30 15:53:17', 3, 'zhangfeng', null, 1);
INSERT INTO TASK_PER_RECORDER (ID, TASK_NO, CONTAINER_NO, PERFORM_TIME, PERFORM_TYPE, OP_NO1, OP_NO2, CONTAINER_TYPE) VALUES ('cad49800b0b54d70a0c3f7d8bd9e9928', '02800120190930000001', '010000002', '2019-09-30 15:46:51', 4, 'zhangfeng', null, 2);
INSERT INTO TASK_PER_RECORDER (ID, TASK_NO, CONTAINER_NO, PERFORM_TIME, PERFORM_TYPE, OP_NO1, OP_NO2, CONTAINER_TYPE) VALUES ('ccb194509f244969a0fc95c1619c82e8', '02800120190930000001', '010000002', '2019-09-30 15:46:11', 7, 'zhangfeng', null, 2);
INSERT INTO TASK_PER_RECORDER (ID, TASK_NO, CONTAINER_NO, PERFORM_TIME, PERFORM_TYPE, OP_NO1, OP_NO2, CONTAINER_TYPE) VALUES ('d2beca1f67bc46f7b70288a081cb449f', '02800120190930000001', '002', '2019-09-30 15:35:51', 3, 'zhangfeng', null, 1);
INSERT INTO TASK_PER_RECORDER (ID, TASK_NO, CONTAINER_NO, PERFORM_TIME, PERFORM_TYPE, OP_NO1, OP_NO2, CONTAINER_TYPE) VALUES ('e6591c988d9245198d5f598987052cf0', '02800120190930000002', '011', '2019-09-30 15:57:27', 6, 'zhangfeng', null, 1);
INSERT INTO TASK_PER_RECORDER (ID, TASK_NO, CONTAINER_NO, PERFORM_TIME, PERFORM_TYPE, OP_NO1, OP_NO2, CONTAINER_TYPE) VALUES ('e7543635767948b68aef596729cbcd1c', '02800120190930000001', '010000001', '2019-09-30 15:46:10', 7, 'zhangfeng', null, 2);
INSERT INTO TASK_PER_RECORDER (ID, TASK_NO, CONTAINER_NO, PERFORM_TIME, PERFORM_TYPE, OP_NO1, OP_NO2, CONTAINER_TYPE) VALUES ('f09f3f4b878944b38f74f9a19d39a477', '02800120190930000002', '011', '2019-09-30 16:18:30', 2, 'zhangfeng', null, 1);
INSERT INTO TASK_PER_RECORDER (ID, TASK_NO, CONTAINER_NO, PERFORM_TIME, PERFORM_TYPE, OP_NO1, OP_NO2, CONTAINER_TYPE) VALUES ('fcdb5856923441eea900d6846efb3498', '02800120190930000003', '011', '2019-09-30 16:33:25', 7, 'zhangfeng', null, 1);
INSERT INTO TASK_PER_RECORDER (ID, TASK_NO, CONTAINER_NO, PERFORM_TIME, PERFORM_TYPE, OP_NO1, OP_NO2, CONTAINER_TYPE) VALUES ('ffc9ffb3a6ed40a59c8269dd3c04b99c', '02800120190930000002', '010000003', '2019-09-30 15:56:09', 7, 'zhangfeng', null, 2);

INSERT INTO TASK_SHELF_USER (ID, TASK_NO, SHELF_NO, OP_TYPE, OP_TIME) VALUES ('788a51dff3a64eb196c4e22b8005e51c', '02800120190930000001', '001', 2, '2019-09-30 15:46:11');
INSERT INTO TASK_SHELF_USER (ID, TASK_NO, SHELF_NO, OP_TYPE, OP_TIME) VALUES ('78c1cdf2f74f48ecb7278564cf897773', '02800120190930000002', '002', 1, '2019-09-30 15:52:53');
INSERT INTO TASK_SHELF_USER (ID, TASK_NO, SHELF_NO, OP_TYPE, OP_TIME) VALUES ('79cb618f23834973b9484b5d5beae0a6', '02800120190930000002', 'C001', 1, '2019-09-30 16:18:30');
INSERT INTO TASK_SHELF_USER (ID, TASK_NO, SHELF_NO, OP_TYPE, OP_TIME) VALUES ('9c51e709424b4650abca6f4268a88e36', '02800120190930000002', 'C001', 2, '2019-09-30 16:46:43');
INSERT INTO TASK_SHELF_USER (ID, TASK_NO, SHELF_NO, OP_TYPE, OP_TIME) VALUES ('a9fa6abfddba49a38f9ca3d2e627f08c', '02800120190930000002', '002', 2, '2019-09-30 15:56:09');
INSERT INTO TASK_SHELF_USER (ID, TASK_NO, SHELF_NO, OP_TYPE, OP_TIME) VALUES ('bef59b6b224d45c68091b028d5cc79e4', '02800120190930000001', '001', 1, '2019-09-30 15:35:08');
INSERT INTO TASK_SHELF_USER (ID, TASK_NO, SHELF_NO, OP_TYPE, OP_TIME) VALUES ('c7e945ae6bbc414fa572cbfb6de0aa3a', '02800120190930000003', '002', 1, '2019-09-30 16:32:24');
INSERT INTO TASK_SHELF_USER (ID, TASK_NO, SHELF_NO, OP_TYPE, OP_TIME) VALUES ('fdf193549814484d930001b502f7be21', '02800120190930000003', '002', 2, '2019-09-30 16:33:25');

INSERT INTO TASK_TABLE (TASK_NO, TASK_TYPE, PLAN_FINISH_DATE, STATUS, CLR_CENTER_NO, CAR_NUMBER, LINE_NO, OP_NO1, OP_NO2, CREATE_OP_NO, CREATE_TIME, NOTE, MODE_OP, MODE_TIME, MODE_NOTE, AUDIT_OP, AUDIT_TIME, AUDIT_NOTE, PLAN_DISTANCE, PLAN_TIME_COST, URGENT_FLAG, SHELF_NO, ADDNOTES_PLAN_NO) VALUES ('02800120190928000001', 2, '2019-09-28', 201, '028001', null, '028001801', null, null, 'liangzy', '2019-09-28 23:04:59', null, null, null, null, null, null, null, null, null, null, null, null);
INSERT INTO TASK_TABLE (TASK_NO, TASK_TYPE, PLAN_FINISH_DATE, STATUS, CLR_CENTER_NO, CAR_NUMBER, LINE_NO, OP_NO1, OP_NO2, CREATE_OP_NO, CREATE_TIME, NOTE, MODE_OP, MODE_TIME, MODE_NOTE, AUDIT_OP, AUDIT_TIME, AUDIT_NOTE, PLAN_DISTANCE, PLAN_TIME_COST, URGENT_FLAG, SHELF_NO, ADDNOTES_PLAN_NO) VALUES ('02800120190930000001', 1, '2019-09-30', 205, '028001', null, '028001044', null, null, 'rlge', '2019-09-30 15:19:26', null, null, null, null, null, null, null, null, null, 0, null, 'JCJH0280012019100101');
INSERT INTO TASK_TABLE (TASK_NO, TASK_TYPE, PLAN_FINISH_DATE, STATUS, CLR_CENTER_NO, CAR_NUMBER, LINE_NO, OP_NO1, OP_NO2, CREATE_OP_NO, CREATE_TIME, NOTE, MODE_OP, MODE_TIME, MODE_NOTE, AUDIT_OP, AUDIT_TIME, AUDIT_NOTE, PLAN_DISTANCE, PLAN_TIME_COST, URGENT_FLAG, SHELF_NO, ADDNOTES_PLAN_NO) VALUES ('02800120190930000002', 1, '2019-09-30', 402, '028001', null, '028001044', null, null, 'rlge', '2019-09-30 15:50:47', null, null, null, null, null, null, null, null, null, 0, null, 'JCJH0280012019100102');
INSERT INTO TASK_TABLE (TASK_NO, TASK_TYPE, PLAN_FINISH_DATE, STATUS, CLR_CENTER_NO, CAR_NUMBER, LINE_NO, OP_NO1, OP_NO2, CREATE_OP_NO, CREATE_TIME, NOTE, MODE_OP, MODE_TIME, MODE_NOTE, AUDIT_OP, AUDIT_TIME, AUDIT_NOTE, PLAN_DISTANCE, PLAN_TIME_COST, URGENT_FLAG, SHELF_NO, ADDNOTES_PLAN_NO) VALUES ('02800120190930000003', 1, '2019-09-30', 308, '028001', null, '028001044', 'zhangsan', 'pengwu', 'rlge', '2019-09-30 16:29:41', null, null, null, null, null, null, null, null, null, 0, null, 'JCJH0280012019093001');

commit;
